[
  {
    "model": "trans.project",
    "pk": 1,
    "fields": {
      "name": "Test",
      "slug": "test",
      "web": "https://weblate.org/",
      "instructions": "",
      "set_language_team": true,
      "access_control": 0,
      "enable_hooks": true
    }
  },
  {
    "model": "checks.check",
    "pk": 1,
    "fields": {
      "unit": 3,
      "check": "same",
      "dismissed": false
    }
  },
  {
    "model": "checks.check",
    "pk": 2,
    "fields": {
      "unit": 7,
      "check": "same",
      "dismissed": false
    }
  },
  {
    "model": "checks.check",
    "pk": 3,
    "fields": {
      "unit": 15,
      "check": "multiple_failures",
      "dismissed": false
    }
  },
  {
    "model": "trans.change",
    "pk": 1,
    "fields": {
      "unit": null,
      "component": 1,
      "translation": null,
      "user": null,
      "author": null,
      "timestamp": "2017-06-15T11:30:47.325Z",
      "action": 20,
      "target": "",
      "old": ""
    }
  },
  {
    "model": "trans.change",
    "pk": 2,
    "fields": {
      "unit": 1,
      "component": 1,
      "translation": 1,
      "language": 12,
      "user": null,
      "author": null,
      "timestamp": "2017-06-15T11:30:47.372Z",
      "action": 13,
      "target": "",
      "old": ""
    }
  },
  {
    "model": "trans.change",
    "pk": 3,
    "fields": {
      "unit": 2,
      "component": 1,
      "translation": 1,
      "language": 12,
      "user": null,
      "author": null,
      "timestamp": "2017-06-15T11:30:47.384Z",
      "action": 13,
      "target": "",
      "old": ""
    }
  },
  {
    "model": "trans.change",
    "pk": 4,
    "fields": {
      "unit": 3,
      "component": 1,
      "translation": 1,
      "language": 12,
      "user": null,
      "author": null,
      "timestamp": "2017-06-15T11:30:47.394Z",
      "action": 13,
      "target": "",
      "old": ""
    }
  },
  {
    "model": "trans.change",
    "pk": 5,
    "fields": {
      "unit": 4,
      "project": 1,
      "component": 1,
      "translation": 1,
      "language": 12,
      "user": null,
      "author": null,
      "timestamp": "2017-06-15T11:30:47.403Z",
      "action": 13,
      "target": "",
      "old": ""
    }
  },
  {
    "model": "trans.change",
    "pk": 6,
    "fields": {
      "unit": null,
      "project": 1,
      "component": 1,
      "translation": 1,
      "language": 12,
      "user": null,
      "author": null,
      "timestamp": "2017-06-15T11:30:47.410Z",
      "action": 0,
      "target": "",
      "old": ""
    }
  },
  {
    "model": "trans.change",
    "pk": 7,
    "fields": {
      "unit": null,
      "project": 1,
      "component": 1,
      "translation": 2,
      "language": 39,
      "user": null,
      "author": null,
      "timestamp": "2017-06-15T11:30:47.510Z",
      "action": 0,
      "target": "",
      "old": ""
    }
  },
  {
    "model": "trans.change",
    "pk": 8,
    "fields": {
      "unit": null,
      "project": 1,
      "component": 1,
      "translation": 3,
      "language": 39,
      "user": null,
      "author": null,
      "timestamp": "2017-06-15T11:30:47.595Z",
      "action": 0,
      "target": "",
      "old": ""
    }
  },
  {
    "model": "trans.unit",
    "pk": 1,
    "fields": {
      "translation": 1,
      "id_hash": -2012431413508206962,
      "timestamp": "2017-06-15T11:30:47.359Z",
      "location": "main.c:11",
      "context": "",
      "note": "",
      "flags": "c-format",
      "source": "Hello, world!\n",
      "source_unit": 13,
      "previous_source": "",
      "target": "",
      "state": 0,
      "position": 1,
      "num_words": 2,
      "priority": 100
    }
  },
  {
    "model": "trans.unit",
    "pk": 2,
    "fields": {
      "translation": 1,
      "id_hash": 2097404709965985808,
      "timestamp": "2017-06-15T11:30:47.359Z",
      "location": "main.c:12",
      "context": "",
      "note": "",
      "flags": "c-format",
      "source": "Orangutan has %d banana.\n\u001e\u001eOrangutan has %d bananas.\n",
      "source_unit": 14,
      "previous_source": "",
      "target": "\u001e\u001e\u001e\u001e",
      "state": 0,
      "position": 2,
      "num_words": 4,
      "priority": 100
    }
  },
  {
    "model": "trans.unit",
    "pk": 3,
    "fields": {
      "translation": 1,
      "id_hash": 7590565419956117013,
      "timestamp": "2017-06-15T11:30:47.359Z",
      "location": "main.c:13",
      "context": "",
      "note": "",
      "flags": "c-format",
      "source": "Try Weblate at <https://demo.weblate.org/>!\n",
      "source_unit": 15,
      "previous_source": "",
      "target": "",
      "state": 0,
      "position": 3,
      "num_words": 4,
      "priority": 100
    }
  },
  {
    "model": "trans.unit",
    "pk": 4,
    "fields": {
      "translation": 1,
      "id_hash": -3793118914799002855,
      "timestamp": "2017-06-15T11:30:47.359Z",
      "location": "main.c:14",
      "context": "",
      "note": "",
      "flags": "",
      "source": "Thank you for using Weblate.",
      "source_unit": 16,
      "previous_source": "",
      "target": "",
      "state": 0,
      "position": 4,
      "num_words": 5,
      "priority": 100
    }
  },
  {
    "model": "trans.unit",
    "pk": 5,
    "fields": {
      "translation": 2,
      "id_hash": -2012431413508206962,
      "timestamp": "2017-06-15T11:30:47.359Z",
      "location": "main.c:11",
      "context": "",
      "note": "",
      "flags": "c-format",
      "source": "Hello, world!\n",
      "source_unit": 13,
      "previous_source": "",
      "target": "",
      "state": 0,
      "position": 1,
      "num_words": 2,
      "priority": 100
    }
  },
  {
    "model": "trans.unit",
    "pk": 6,
    "fields": {
      "translation": 2,
      "id_hash": 2097404709965985808,
      "timestamp": "2017-06-15T11:30:47.359Z",
      "location": "main.c:12",
      "context": "",
      "note": "",
      "flags": "c-format",
      "source": "Orangutan has %d banana.\n\u001e\u001eOrangutan has %d bananas.\n",
      "source_unit": 14,
      "previous_source": "",
      "target": "\u001e\u001e",
      "state": 0,
      "position": 2,
      "num_words": 4,
      "priority": 100
    }
  },
  {
    "model": "trans.unit",
    "pk": 7,
    "fields": {
      "translation": 2,
      "id_hash": 7590565419956117013,
      "timestamp": "2017-06-15T11:30:47.359Z",
      "location": "main.c:13",
      "context": "",
      "note": "",
      "flags": "c-format",
      "source": "Try Weblate at <https://demo.weblate.org/>!\n",
      "source_unit": 15,
      "previous_source": "",
      "target": "Try Weblate at <https://demo.weblate.org/>!\n",
      "state": 20,
      "position": 3,
      "num_words": 4,
      "priority": 100
    }
  },
  {
    "model": "trans.unit",
    "pk": 8,
    "fields": {
      "translation": 2,
      "id_hash": -3793118914799002855,
      "timestamp": "2017-06-15T11:30:47.359Z",
      "location": "main.c:14",
      "context": "",
      "note": "",
      "flags": "",
      "source": "Thank you for using Weblate.",
      "source_unit": 16,
      "previous_source": "",
      "target": "",
      "state": 0,
      "position": 4,
      "num_words": 5,
      "priority": 100
    }
  },
  {
    "model": "trans.unit",
    "pk": 9,
    "fields": {
      "translation": 3,
      "id_hash": -2012431413508206962,
      "timestamp": "2017-06-15T11:30:47.359Z",
      "location": "main.c:11",
      "context": "",
      "note": "",
      "flags": "c-format",
      "source": "Hello, world!\n",
      "source_unit": 13,
      "previous_source": "",
      "target": "",
      "state": 0,
      "position": 1,
      "num_words": 2,
      "priority": 100
    }
  },
  {
    "model": "trans.unit",
    "pk": 10,
    "fields": {
      "translation": 3,
      "id_hash": 2097404709965985808,
      "timestamp": "2017-06-15T11:30:47.359Z",
      "location": "main.c:12",
      "context": "",
      "note": "",
      "flags": "c-format",
      "source": "Orangutan has %d banana.\n\u001e\u001eOrangutan has %d bananas.\n",
      "source_unit": 14,
      "previous_source": "",
      "target": "\u001e\u001e",
      "state": 0,
      "position": 2,
      "num_words": 4,
      "priority": 100
    }
  },
  {
    "model": "trans.unit",
    "pk": 11,
    "fields": {
      "translation": 3,
      "id_hash": 7590565419956117013,
      "timestamp": "2017-06-15T11:30:47.359Z",
      "location": "main.c:13",
      "context": "",
      "note": "",
      "flags": "c-format",
      "source": "Try Weblate at <https://demo.weblate.org/>!\n",
      "source_unit": 15,
      "previous_source": "",
      "target": "Try Weblate at <https://demo.weblate.org/>!\n",
      "state": 20,
      "position": 3,
      "num_words": 4,
      "priority": 100
    }
  },
  {
    "model": "trans.unit",
    "pk": 12,
    "fields": {
      "translation": 3,
      "id_hash": -3793118914799002855,
      "timestamp": "2017-06-15T11:30:47.359Z",
      "location": "main.c:14",
      "context": "",
      "note": "",
      "flags": "",
      "source": "Thank you for using Weblate.",
      "source_unit": 16,
      "previous_source": "",
      "target": "",
      "state": 0,
      "position": 4,
      "num_words": 5,
      "priority": 100
    }
  },
  {
    "model": "trans.unit",
    "pk": 13,
    "fields": {
      "source_unit": 13,
      "translation": 4,
      "id_hash": -2012431413508206962,
      "timestamp": "2017-06-15T11:30:47.359Z",
      "location": "main.c:11",
      "context": "",
      "note": "",
      "flags": "c-format",
      "source": "Hello, world!\n",
      "target": "Hello, world!\n",
      "previous_source": "",
      "state": 100,
      "position": 1,
      "num_words": 2,
      "priority": 100
    }
  },
  {
    "model": "trans.unit",
    "pk": 14,
    "fields": {
      "source_unit": 14,
      "translation": 4,
      "id_hash": 2097404709965985808,
      "timestamp": "2017-06-15T11:30:47.359Z",
      "location": "main.c:12",
      "context": "",
      "note": "",
      "flags": "c-format",
      "source": "Orangutan has %d banana.\n\u001e\u001eOrangutan has %d bananas.\n",
      "target": "Orangutan has %d banana.\n\u001e\u001eOrangutan has %d bananas.\n",
      "previous_source": "",
      "state": 100,
      "position": 2,
      "num_words": 4,
      "priority": 100
    }
  },
  {
    "model": "trans.unit",
    "pk": 15,
    "fields": {
      "source_unit": 15,
      "translation": 4,
      "id_hash": 7590565419956117013,
      "timestamp": "2017-06-15T11:30:47.359Z",
      "location": "main.c:13",
      "context": "",
      "note": "",
      "flags": "c-format",
      "source": "Try Weblate at <https://demo.weblate.org/>!\n",
      "target": "Try Weblate at <https://demo.weblate.org/>!\n",
      "previous_source": "",
      "state": 100,
      "position": 3,
      "num_words": 4,
      "priority": 100
    }
  },
  {
    "model": "trans.unit",
    "pk": 16,
    "fields": {
      "source_unit": 16,
      "translation": 4,
      "id_hash": -3793118914799002855,
      "timestamp": "2017-06-15T11:30:47.359Z",
      "location": "main.c:14",
      "context": "",
      "note": "",
      "flags": "",
      "source": "Thank you for using Weblate.",
      "target": "Thank you for using Weblate.",
      "previous_source": "",
      "state": 100,
      "position": 4,
      "num_words": 5,
      "priority": 100
    }
  },
  {
    "model": "trans.translation",
    "pk": 1,
    "fields": {
      "component": 1,
      "language": 12,
      "plural": 68,
      "revision": "982875b6566ab02d65d1faf2ce01d7cfc7e53ca2",
      "filename": "po/cs.po",
      "language_code": "cs"
    }
  },
  {
    "model": "trans.translation",
    "pk": 2,
    "fields": {
      "component": 1,
      "language": 39,
      "plural": 105,
      "revision": "9664eec5f123841a531ecf0eb09fa747f4cf7662",
      "filename": "po/de.po",
      "language_code": "de"
    }
  },
  {
    "model": "trans.translation",
    "pk": 3,
    "fields": {
      "component": 1,
      "language": 70,
      "plural": 132,
      "revision": "207e0fabd8db4ec39b5989a7f4185d2434cacbd4",
      "filename": "po/it.po",
      "language_code": "it"
    }
  },
  {
    "model": "trans.translation",
    "pk": 4,
    "fields": {
      "component": 1,
      "language": 63,
      "plural": 76,
      "revision": "",
      "filename": "",
      "language_code": "en"
    }
  },
  {
    "model": "trans.component",
    "pk": 1,
    "fields": {
      "name": "Test",
      "slug": "test",
      "source_language": 63,
      "project": 1,
      "vcs": "git",
      "repo": "file:///home/nijel/work/weblate/data-test/test-repo.git",
      "push": "",
      "repoweb": "",
      "git_export": "http://example.com/git/test/test/",
      "report_source_bugs": "",
      "branch": "main",
      "filemask": "po/*.po",
      "template": "",
      "edit_template": true,
      "new_base": "",
      "file_format": "po",
      "locked": false,
      "allow_translation_propagation": true,
      "enable_suggestions": true,
      "suggestion_voting": false,
      "suggestion_autoaccept": 0,
      "check_flags": "",
      "license": "",
      "agreement": "",
      "new_lang": "add",
      "merge_style": "merge",
      "commit_message": "Translated using Weblate (%(language_name)s)\n\nCurrently translated at %(translated_percent)s%% (%(translated)s of %(total)s strings)\n\nTranslation: %(project)s/%(component)s\nTranslate-URL: %(url)s",
      "add_message": "Added translation using Weblate (%(language_name)s)\n\n",
      "delete_message": "Deleted translation using Weblate (%(language_name)s)\n\n",
      "language_regex": "^[^.]+$",
      "priority": 100
    }
  },
  {
    "model": "lang.language",
    "pk": 1,
    "fields": {
      "code": "son",
      "name": "Songhai languages",
      "direction": "ltr"
    }
  },
  {
    "model": "lang.language",
    "pk": 2,
    "fields": {
      "code": "gu",
      "name": "Gujarati",
      "direction": "ltr"
    }
  },
  {
    "model": "lang.language",
    "pk": 3,
    "fields": {
      "code": "ff",
      "name": "Fulah",
      "direction": "ltr"
    }
  },
  {
    "model": "lang.language",
    "pk": 4,
    "fields": {
      "code": "nqo",
      "name": "N\u2019Ko",
      "direction": "ltr"
    }
  },
  {
    "model": "lang.language",
    "pk": 5,
    "fields": {
      "code": "nso",
      "name": "Pedi",
      "direction": "ltr"
    }
  },
  {
    "model": "lang.language",
    "pk": 6,
    "fields": {
      "code": "ca",
      "name": "Catalan",
      "direction": "ltr"
    }
  },
  {
    "model": "lang.language",
    "pk": 7,
    "fields": {
      "code": "sco",
      "name": "Scots",
      "direction": "ltr"
    }
  },
  {
    "model": "lang.language",
    "pk": 8,
    "fields": {
      "code": "gun",
      "name": "Gun",
      "direction": "ltr"
    }
  },
  {
    "model": "lang.language",
    "pk": 9,
    "fields": {
      "code": "ca@valencia",
      "name": "Valencian",
      "direction": "ltr"
    }
  },
  {
    "model": "lang.language",
    "pk": 10,
    "fields": {
      "code": "gd",
      "name": "Gaelic",
      "direction": "ltr"
    }
  },
  {
    "model": "lang.language",
    "pk": 11,
    "fields": {
      "code": "ga",
      "name": "Irish",
      "direction": "ltr"
    }
  },
  {
    "model": "lang.language",
    "pk": 12,
    "fields": {
      "code": "cs",
      "name": "Czech",
      "direction": "ltr"
    }
  },
  {
    "model": "lang.language",
    "pk": 13,
    "fields": {
      "code": "gl",
      "name": "Galician",
      "direction": "ltr"
    }
  },
  {
    "model": "lang.language",
    "pk": 14,
    "fields": {
      "code": "mfe",
      "name": "Morisyen",
      "direction": "ltr"
    }
  },
  {
    "model": "lang.language",
    "pk": 15,
    "fields": {
      "code": "ps",
      "name": "Pashto",
      "direction": "rtl"
    }
  },
  {
    "model": "lang.language",
    "pk": 16,
    "fields": {
      "code": "lb",
      "name": "Luxembourgish",
      "direction": "ltr"
    }
  },
  {
    "model": "lang.language",
    "pk": 17,
    "fields": {
      "code": "pt",
      "name": "Portuguese",
      "direction": "ltr"
    }
  },
  {
    "model": "lang.language",
    "pk": 18,
    "fields": {
      "code": "ln",
      "name": "Lingala",
      "direction": "ltr"
    }
  },
  {
    "model": "lang.language",
    "pk": 19,
    "fields": {
      "code": "lo",
      "name": "Lao",
      "direction": "ltr"
    }
  },
  {
    "model": "lang.language",
    "pk": 20,
    "fields": {
      "code": "tt",
      "name": "Tatar",
      "direction": "ltr"
    }
  },
  {
    "model": "lang.language",
    "pk": 21,
    "fields": {
      "code": "pms",
      "name": "Piemontese",
      "direction": "ltr"
    }
  },
  {
    "model": "lang.language",
    "pk": 22,
    "fields": {
      "code": "tr",
      "name": "Turkish",
      "direction": "ltr"
    }
  },
  {
    "model": "lang.language",
    "pk": 23,
    "fields": {
      "code": "uk",
      "name": "Ukrainian",
      "direction": "ltr"
    }
  },
  {
    "model": "lang.language",
    "pk": 24,
    "fields": {
      "code": "lv",
      "name": "Latvian",
      "direction": "ltr"
    }
  },
  {
    "model": "lang.language",
    "pk": 25,
    "fields": {
      "code": "lt",
      "name": "Lithuanian",
      "direction": "ltr"
    }
  },
  {
    "model": "lang.language",
    "pk": 26,
    "fields": {
      "code": "pa",
      "name": "Punjabi",
      "direction": "ltr"
    }
  },
  {
    "model": "lang.language",
    "pk": 27,
    "fields": {
      "code": "sw",
      "name": "Swahili",
      "direction": "ltr"
    }
  },
  {
    "model": "lang.language",
    "pk": 28,
    "fields": {
      "code": "tg",
      "name": "Tajik",
      "direction": "ltr"
    }
  },
  {
    "model": "lang.language",
    "pk": 29,
    "fields": {
      "code": "th",
      "name": "Thai",
      "direction": "ltr"
    }
  },
  {
    "model": "lang.language",
    "pk": 30,
    "fields": {
      "code": "ti",
      "name": "Tigrinya",
      "direction": "ltr"
    }
  },
  {
    "model": "lang.language",
    "pk": 31,
    "fields": {
      "code": "su",
      "name": "Sundanese",
      "direction": "ltr"
    }
  },
  {
    "model": "lang.language",
    "pk": 32,
    "fields": {
      "code": "te",
      "name": "Telugu",
      "direction": "ltr"
    }
  },
  {
    "model": "lang.language",
    "pk": 33,
    "fields": {
      "code": "is",
      "name": "Icelandic",
      "direction": "ltr"
    }
  },
  {
    "model": "lang.language",
    "pk": 34,
    "fields": {
      "code": "en_GB",
      "name": "English (United Kingdom)",
      "direction": "ltr"
    }
  },
  {
    "model": "lang.language",
    "pk": 35,
    "fields": {
      "code": "ta",
      "name": "Tamil",
      "direction": "ltr"
    }
  },
  {
    "model": "lang.language",
    "pk": 36,
    "fields": {
      "code": "hy",
      "name": "Armenian",
      "direction": "ltr"
    }
  },
  {
    "model": "lang.language",
    "pk": 37,
    "fields": {
      "code": "pt_BR",
      "name": "Portuguese (Brazil)",
      "direction": "ltr"
    }
  },
  {
    "model": "lang.language",
    "pk": 38,
    "fields": {
      "code": "hr",
      "name": "Croatian",
      "direction": "ltr"
    }
  },
  {
    "model": "lang.language",
    "pk": 39,
    "fields": {
      "code": "de",
      "name": "German",
      "direction": "ltr"
    }
  },
  {
    "model": "lang.language",
    "pk": 40,
    "fields": {
      "code": "ht",
      "name": "Haitian",
      "direction": "ltr"
    }
  },
  {
    "model": "lang.language",
    "pk": 41,
    "fields": {
      "code": "da",
      "name": "Danish",
      "direction": "ltr"
    }
  },
  {
    "model": "lang.language",
    "pk": 42,
    "fields": {
      "code": "hi",
      "name": "Hindi",
      "direction": "ltr"
    }
  },
  {
    "model": "lang.language",
    "pk": 43,
    "fields": {
      "code": "dz",
      "name": "Dzongkha",
      "direction": "ltr"
    }
  },
  {
    "model": "lang.language",
    "pk": 44,
    "fields": {
      "code": "st",
      "name": "Southern Sotho",
      "direction": "ltr"
    }
  },
  {
    "model": "lang.language",
    "pk": 45,
    "fields": {
      "code": "ha",
      "name": "Hausa",
      "direction": "rtl"
    }
  },
  {
    "model": "lang.language",
    "pk": 46,
    "fields": {
      "code": "he",
      "name": "Hebrew",
      "direction": "rtl"
    }
  },
  {
    "model": "lang.language",
    "pk": 47,
    "fields": {
      "code": "mg",
      "name": "Malagasy",
      "direction": "ltr"
    }
  },
  {
    "model": "lang.language",
    "pk": 48,
    "fields": {
      "code": "fur",
      "name": "Friulian",
      "direction": "ltr"
    }
  },
  {
    "model": "lang.language",
    "pk": 49,
    "fields": {
      "code": "zh_CN",
      "name": "Chinese (China)",
      "direction": "ltr"
    }
  },
  {
    "model": "lang.language",
    "pk": 50,
    "fields": {
      "code": "ml",
      "name": "Malayalam",
      "direction": "ltr"
    }
  },
  {
    "model": "lang.language",
    "pk": 51,
    "fields": {
      "code": "mn",
      "name": "Mongolian",
      "direction": "ltr"
    }
  },
  {
    "model": "lang.language",
    "pk": 52,
    "fields": {
      "code": "mi",
      "name": "Maori",
      "direction": "ltr"
    }
  },
  {
    "model": "lang.language",
    "pk": 53,
    "fields": {
      "code": "cy",
      "name": "Welsh",
      "direction": "ltr"
    }
  },
  {
    "model": "lang.language",
    "pk": 54,
    "fields": {
      "code": "en_ZA",
      "name": "English (South Africa)",
      "direction": "ltr"
    }
  },
  {
    "model": "lang.language",
    "pk": 55,
    "fields": {
      "code": "zh_HK",
      "name": "Chinese (Hong Kong)",
      "direction": "ltr"
    }
  },
  {
    "model": "lang.language",
    "pk": 56,
    "fields": {
      "code": "mt",
      "name": "Maltese",
      "direction": "ltr"
    }
  },
  {
    "model": "lang.language",
    "pk": 57,
    "fields": {
      "code": "fil",
      "name": "Filipino",
      "direction": "ltr"
    }
  },
  {
    "model": "lang.language",
    "pk": 58,
    "fields": {
      "code": "ms",
      "name": "Malay",
      "direction": "ltr"
    }
  },
  {
    "model": "lang.language",
    "pk": 59,
    "fields": {
      "code": "mr",
      "name": "Marathi",
      "direction": "ltr"
    }
  },
  {
    "model": "lang.language",
    "pk": 60,
    "fields": {
      "code": "ug",
      "name": "Uyghur",
      "direction": "rtl"
    }
  },
  {
    "model": "lang.language",
    "pk": 61,
    "fields": {
      "code": "el",
      "name": "Greek",
      "direction": "ltr"
    }
  },
  {
    "model": "lang.language",
    "pk": 62,
    "fields": {
      "code": "eo",
      "name": "Esperanto",
      "direction": "ltr"
    }
  },
  {
    "model": "lang.language",
    "pk": 63,
    "fields": {
      "code": "en",
      "name": "English",
      "direction": "ltr"
    }
  },
  {
    "model": "lang.language",
    "pk": 64,
    "fields": {
      "code": "tk",
      "name": "Turkmen",
      "direction": "ltr"
    }
  },
  {
    "model": "lang.language",
    "pk": 65,
    "fields": {
      "code": "af",
      "name": "Afrikaans",
      "direction": "ltr"
    }
  },
  {
    "model": "lang.language",
    "pk": 66,
    "fields": {
      "code": "ve",
      "name": "Venda",
      "direction": "ltr"
    }
  },
  {
    "model": "lang.language",
    "pk": 67,
    "fields": {
      "code": "oc",
      "name": "Occitan",
      "direction": "ltr"
    }
  },
  {
    "model": "lang.language",
    "pk": 68,
    "fields": {
      "code": "ak",
      "name": "Akan",
      "direction": "ltr"
    }
  },
  {
    "model": "lang.language",
    "pk": 69,
    "fields": {
      "code": "am",
      "name": "Amharic",
      "direction": "ltr"
    }
  },
  {
    "model": "lang.language",
    "pk": 70,
    "fields": {
      "code": "it",
      "name": "Italian",
      "direction": "ltr"
    }
  },
  {
    "model": "lang.language",
    "pk": 71,
    "fields": {
      "code": "an",
      "name": "Aragonese",
      "direction": "ltr"
    }
  },
  {
    "model": "lang.language",
    "pk": 72,
    "fields": {
      "code": "ia",
      "name": "Interlingua",
      "direction": "ltr"
    }
  },
  {
    "model": "lang.language",
    "pk": 73,
    "fields": {
      "code": "ar",
      "name": "Arabic",
      "direction": "rtl"
    }
  },
  {
    "model": "lang.language",
    "pk": 74,
    "fields": {
      "code": "mk",
      "name": "Macedonian",
      "direction": "ltr"
    }
  },
  {
    "model": "lang.language",
    "pk": 75,
    "fields": {
      "code": "zu",
      "name": "Zulu",
      "direction": "ltr"
    }
  },
  {
    "model": "lang.language",
    "pk": 76,
    "fields": {
      "code": "eu",
      "name": "Basque",
      "direction": "ltr"
    }
  },
  {
    "model": "lang.language",
    "pk": 77,
    "fields": {
      "code": "et",
      "name": "Estonian",
      "direction": "ltr"
    }
  },
  {
    "model": "lang.language",
    "pk": 78,
    "fields": {
      "code": "az",
      "name": "Azerbaijani",
      "direction": "ltr"
    }
  },
  {
    "model": "lang.language",
    "pk": 79,
    "fields": {
      "code": "id",
      "name": "Indonesian",
      "direction": "ltr"
    }
  },
  {
    "model": "lang.language",
    "pk": 80,
    "fields": {
      "code": "arn",
      "name": "Mapudungun",
      "direction": "ltr"
    }
  },
  {
    "model": "lang.language",
    "pk": 81,
    "fields": {
      "code": "bn_IN",
      "name": "Bengali (India)",
      "direction": "ltr"
    }
  },
  {
    "model": "lang.language",
    "pk": 82,
    "fields": {
      "code": "pap",
      "name": "Papiamento",
      "direction": "ltr"
    }
  },
  {
    "model": "lang.language",
    "pk": 83,
    "fields": {
      "code": "ru",
      "name": "Russian",
      "direction": "ltr"
    }
  },
  {
    "model": "lang.language",
    "pk": 84,
    "fields": {
      "code": "nl",
      "name": "Dutch",
      "direction": "ltr"
    }
  },
  {
    "model": "lang.language",
    "pk": 85,
    "fields": {
      "code": "yo",
      "name": "Yoruba",
      "direction": "ltr"
    }
  },
  {
    "model": "lang.language",
    "pk": 86,
    "fields": {
      "code": "nn",
      "name": "Norwegian Nynorsk",
      "direction": "ltr"
    }
  },
  {
    "model": "lang.language",
    "pk": 87,
    "fields": {
      "code": "nah",
      "name": "Nahuatl",
      "direction": "ltr"
    }
  },
  {
    "model": "lang.language",
    "pk": 88,
    "fields": {
      "code": "ne",
      "name": "Nepali",
      "direction": "ltr"
    }
  },
  {
    "model": "lang.language",
    "pk": 89,
    "fields": {
      "code": "csb",
      "name": "Kashubian",
      "direction": "ltr"
    }
  },
  {
    "model": "lang.language",
    "pk": 90,
    "fields": {
      "code": "wo",
      "name": "Wolof",
      "direction": "ltr"
    }
  },
  {
    "model": "lang.language",
    "pk": 91,
    "fields": {
      "code": "nap",
      "name": "Neapolitan",
      "direction": "ltr"
    }
  },
  {
    "model": "lang.language",
    "pk": 92,
    "fields": {
      "code": "es",
      "name": "Spanish",
      "direction": "ltr"
    }
  },
  {
    "model": "lang.language",
    "pk": 93,
    "fields": {
      "code": "rm",
      "name": "Romansh",
      "direction": "ltr"
    }
  },
  {
    "model": "lang.language",
    "pk": 94,
    "fields": {
      "code": "zh_TW",
      "name": "Chinese (Taiwan)",
      "direction": "ltr"
    }
  },
  {
    "model": "lang.language",
    "pk": 95,
    "fields": {
      "code": "ro",
      "name": "Romanian",
      "direction": "ltr"
    }
  },
  {
    "model": "lang.language",
    "pk": 96,
    "fields": {
      "code": "sah",
      "name": "Yakut",
      "direction": "ltr"
    }
  },
  {
    "model": "lang.language",
    "pk": 97,
    "fields": {
      "code": "jv",
      "name": "Javanese",
      "direction": "ltr"
    }
  },
  {
    "model": "lang.language",
    "pk": 98,
    "fields": {
      "code": "be",
      "name": "Belarusian",
      "direction": "ltr"
    }
  },
  {
    "model": "lang.language",
    "pk": 99,
    "fields": {
      "code": "fr",
      "name": "French",
      "direction": "ltr"
    }
  },
  {
    "model": "lang.language",
    "pk": 100,
    "fields": {
      "code": "bg",
      "name": "Bulgarian",
      "direction": "ltr"
    }
  },
  {
    "model": "lang.language",
    "pk": 101,
    "fields": {
      "code": "sv",
      "name": "Swedish",
      "direction": "ltr"
    }
  },
  {
    "model": "lang.language",
    "pk": 102,
    "fields": {
      "code": "wa",
      "name": "Walloon",
      "direction": "ltr"
    }
  },
  {
    "model": "lang.language",
    "pk": 103,
    "fields": {
      "code": "ast",
      "name": "Asturian",
      "direction": "ltr"
    }
  },
  {
    "model": "lang.language",
    "pk": 104,
    "fields": {
      "code": "vi",
      "name": "Vietnamese",
      "direction": "ltr"
    }
  },
  {
    "model": "lang.language",
    "pk": 105,
    "fields": {
      "code": "fy",
      "name": "Frisian",
      "direction": "ltr"
    }
  },
  {
    "model": "lang.language",
    "pk": 106,
    "fields": {
      "code": "bn",
      "name": "Bengali",
      "direction": "ltr"
    }
  },
  {
    "model": "lang.language",
    "pk": 107,
    "fields": {
      "code": "bo",
      "name": "Tibetan",
      "direction": "ltr"
    }
  },
  {
    "model": "lang.language",
    "pk": 108,
    "fields": {
      "code": "fa",
      "name": "Persian",
      "direction": "rtl"
    }
  },
  {
    "model": "lang.language",
    "pk": 109,
    "fields": {
      "code": "br",
      "name": "Breton",
      "direction": "ltr"
    }
  },
  {
    "model": "lang.language",
    "pk": 110,
    "fields": {
      "code": "bs",
      "name": "Bosnian",
      "direction": "ltr"
    }
  },
  {
    "model": "lang.language",
    "pk": 111,
    "fields": {
      "code": "mai",
      "name": "Maithili",
      "direction": "ltr"
    }
  },
  {
    "model": "lang.language",
    "pk": 112,
    "fields": {
      "code": "fi",
      "name": "Finnish",
      "direction": "ltr"
    }
  },
  {
    "model": "lang.language",
    "pk": 113,
    "fields": {
      "code": "hu",
      "name": "Hungarian",
      "direction": "ltr"
    }
  },
  {
    "model": "lang.language",
    "pk": 114,
    "fields": {
      "code": "ja",
      "name": "Japanese",
      "direction": "ltr"
    }
  },
  {
    "model": "lang.language",
    "pk": 115,
    "fields": {
      "code": "fo",
      "name": "Faroese",
      "direction": "ltr"
    }
  },
  {
    "model": "lang.language",
    "pk": 116,
    "fields": {
      "code": "ka",
      "name": "Georgian",
      "direction": "ltr"
    }
  },
  {
    "model": "lang.language",
    "pk": 117,
    "fields": {
      "code": "so",
      "name": "Somali",
      "direction": "ltr"
    }
  },
  {
    "model": "lang.language",
    "pk": 118,
    "fields": {
      "code": "kk",
      "name": "Kazakh",
      "direction": "ltr"
    }
  },
  {
    "model": "lang.language",
    "pk": 119,
    "fields": {
      "code": "sr",
      "name": "Serbian",
      "direction": "ltr"
    }
  },
  {
    "model": "lang.language",
    "pk": 120,
    "fields": {
      "code": "sq",
      "name": "Albanian",
      "direction": "ltr"
    }
  },
  {
    "model": "lang.language",
    "pk": 121,
    "fields": {
      "code": "ko",
      "name": "Korean",
      "direction": "ltr"
    }
  },
  {
    "model": "lang.language",
    "pk": 122,
    "fields": {
      "code": "kn",
      "name": "Kannada",
      "direction": "ltr"
    }
  },
  {
    "model": "lang.language",
    "pk": 123,
    "fields": {
      "code": "km",
      "name": "Central Khmer",
      "direction": "ltr"
    }
  },
  {
    "model": "lang.language",
    "pk": 124,
    "fields": {
      "code": "or",
      "name": "Odia",
      "direction": "ltr"
    }
  },
  {
    "model": "lang.language",
    "pk": 125,
    "fields": {
      "code": "sk",
      "name": "Slovak",
      "direction": "ltr"
    }
  },
  {
    "model": "lang.language",
    "pk": 126,
    "fields": {
      "code": "si",
      "name": "Sinhala",
      "direction": "ltr"
    }
  },
  {
    "model": "lang.language",
    "pk": 127,
    "fields": {
      "code": "pl",
      "name": "Polish",
      "direction": "ltr"
    }
  },
  {
    "model": "lang.language",
    "pk": 128,
    "fields": {
      "code": "kw",
      "name": "Cornish",
      "direction": "ltr"
    }
  },
  {
    "model": "lang.language",
    "pk": 129,
    "fields": {
      "code": "ku",
      "name": "Kurdish",
      "direction": "ltr"
    }
  },
  {
    "model": "lang.language",
    "pk": 130,
    "fields": {
      "code": "sl",
      "name": "Slovenian",
      "direction": "ltr"
    }
  },
  {
    "model": "lang.language",
    "pk": 131,
    "fields": {
      "code": "ky",
      "name": "Kyrgyz",
      "direction": "ltr"
    }
  },
  {
    "model": "lang.language",
    "pk": 132,
    "fields": {
      "code": "nb",
      "name": "Norwegian Bokm\u00e5l",
      "direction": "ltr"
    }
  },
  {
    "model": "lang.language",
    "pk": 133,
    "fields": {
      "code": "li",
      "name": "Limburgish",
      "direction": "ltr"
    }
  },
  {
    "model": "lang.language",
    "pk": 134,
    "fields": {
      "code": "tl",
      "name": "Tagalog",
      "direction": "ltr"
    }
  },
  {
    "model": "lang.language",
    "pk": 135,
    "fields": {
      "code": "ur",
      "name": "Urdu",
      "direction": "rtl"
    }
  },
  {
    "model": "lang.language",
    "pk": 136,
    "fields": {
      "code": "uz@latin",
      "name": "Uzbek (latin)",
      "direction": "ltr"
    }
  },
  {
    "model": "lang.language",
    "pk": 137,
    "fields": {
      "code": "uz",
      "name": "Uzbek",
      "direction": "ltr"
    }
  },
  {
    "model": "lang.language",
    "pk": 138,
    "fields": {
      "code": "sr@latin",
      "name": "Serbian (latin)",
      "direction": "ltr"
    }
  },
  {
    "model": "lang.language",
    "pk": 139,
    "fields": {
      "code": "sr_RS@latin",
      "name": "Serbian (latin)",
      "direction": "ltr"
    }
  },
  {
    "model": "lang.language",
    "pk": 140,
    "fields": {
      "code": "sr@cyrillic",
      "name": "Serbian (cyrillic)",
      "direction": "ltr"
    }
  },
  {
    "model": "lang.language",
    "pk": 141,
    "fields": {
      "code": "sr_RS@cyrillic",
      "name": "Serbian (cyrillic)",
      "direction": "ltr"
    }
  },
  {
    "model": "lang.language",
    "pk": 142,
    "fields": {
      "code": "be@latin",
      "name": "Belarusian (latin)",
      "direction": "ltr"
    }
  },
  {
    "model": "lang.language",
    "pk": 143,
    "fields": {
      "code": "en_US",
      "name": "English (United States)",
      "direction": "ltr"
    }
  },
  {
    "model": "lang.language",
    "pk": 144,
    "fields": {
      "code": "en_CA",
      "name": "English (Canada)",
      "direction": "ltr"
    }
  },
  {
    "model": "lang.language",
    "pk": 145,
    "fields": {
      "code": "en_AU",
      "name": "English (Australia)",
      "direction": "ltr"
    }
  },
  {
    "model": "lang.language",
    "pk": 146,
    "fields": {
      "code": "nb_NO",
      "name": "Norwegian Bokm\u00e5l",
      "direction": "ltr"
    }
  },
  {
    "model": "lang.language",
    "pk": 147,
    "fields": {
      "code": "pt_PT",
      "name": "Portuguese (Portugal)",
      "direction": "ltr"
    }
  },
  {
    "model": "lang.language",
    "pk": 148,
    "fields": {
      "code": "ckb",
      "name": "Sorani",
      "direction": "rtl"
    }
  },
  {
    "model": "lang.language",
    "pk": 149,
    "fields": {
      "code": "vls",
      "name": "West Flemish",
      "direction": "ltr"
    }
  },
  {
    "model": "lang.language",
    "pk": 150,
    "fields": {
      "code": "zh",
      "name": "Chinese",
      "direction": "ltr"
    }
  },
  {
    "model": "lang.language",
    "pk": 151,
    "fields": {
      "code": "tlh",
      "name": "Klingon",
      "direction": "ltr"
    }
  },
  {
    "model": "lang.language",
    "pk": 152,
    "fields": {
      "code": "tlh-qaak",
      "name": "Klingon (pIqaD)",
      "direction": "ltr"
    }
  },
  {
    "model": "lang.language",
    "pk": 153,
    "fields": {
      "code": "ksh",
      "name": "Colognian",
      "direction": "ltr"
    }
  },
  {
    "model": "lang.language",
    "pk": 154,
    "fields": {
      "code": "sc",
      "name": "Sardinian",
      "direction": "ltr"
    }
  },
  {
    "model": "lang.language",
    "pk": 155,
    "fields": {
      "code": "ach",
      "name": "Acholi",
      "direction": "ltr"
    }
  },
  {
    "model": "lang.language",
    "pk": 156,
    "fields": {
      "code": "anp",
      "name": "Angika",
      "direction": "ltr"
    }
  },
  {
    "model": "lang.language",
    "pk": 157,
    "fields": {
      "code": "as",
      "name": "Assamese",
      "direction": "ltr"
    }
  },
  {
    "model": "lang.language",
    "pk": 158,
    "fields": {
      "code": "ay",
      "name": "Aymar\u00e1",
      "direction": "ltr"
    }
  },
  {
    "model": "lang.language",
    "pk": 159,
    "fields": {
      "code": "brx",
      "name": "Bodo",
      "direction": "ltr"
    }
  },
  {
    "model": "lang.language",
    "pk": 160,
    "fields": {
      "code": "cgg",
      "name": "Chiga",
      "direction": "ltr"
    }
  },
  {
    "model": "lang.language",
    "pk": 161,
    "fields": {
      "code": "doi",
      "name": "Dogri",
      "direction": "ltr"
    }
  },
  {
    "model": "lang.language",
    "pk": 162,
    "fields": {
      "code": "es_AR",
      "name": "Spanish (Argentina)",
      "direction": "ltr"
    }
  },
  {
    "model": "lang.language",
    "pk": 163,
    "fields": {
      "code": "hne",
      "name": "Chhattisgarhi",
      "direction": "ltr"
    }
  },
  {
    "model": "lang.language",
    "pk": 164,
    "fields": {
      "code": "jbo",
      "name": "Lojban",
      "direction": "ltr"
    }
  },
  {
    "model": "lang.language",
    "pk": 165,
    "fields": {
      "code": "kl",
      "name": "Greenlandic",
      "direction": "ltr"
    }
  },
  {
    "model": "lang.language",
    "pk": 166,
    "fields": {
      "code": "mni",
      "name": "Manipuri",
      "direction": "ltr"
    }
  },
  {
    "model": "lang.language",
    "pk": 167,
    "fields": {
      "code": "mnk",
      "name": "Mandinka",
      "direction": "ltr"
    }
  },
  {
    "model": "lang.language",
    "pk": 168,
    "fields": {
      "code": "my",
      "name": "Burmese",
      "direction": "ltr"
    }
  },
  {
    "model": "lang.language",
    "pk": 169,
    "fields": {
      "code": "se",
      "name": "Northern Sami",
      "direction": "ltr"
    }
  },
  {
    "model": "lang.language",
    "pk": 170,
    "fields": {
      "code": "no",
      "name": "Norwegian (old code)",
      "direction": "ltr"
    }
  },
  {
    "model": "lang.language",
    "pk": 171,
    "fields": {
      "code": "rw",
      "name": "Kinyarwanda",
      "direction": "ltr"
    }
  },
  {
    "model": "lang.language",
    "pk": 172,
    "fields": {
      "code": "sat",
      "name": "Santali",
      "direction": "ltr"
    }
  },
  {
    "model": "lang.language",
    "pk": 173,
    "fields": {
      "code": "sd",
      "name": "Sindhi",
      "direction": "ltr"
    }
  },
  {
    "model": "lang.language",
    "pk": 174,
    "fields": {
      "code": "os",
      "name": "Ossetian",
      "direction": "ltr"
    }
  },
  {
    "model": "lang.language",
    "pk": 175,
    "fields": {
      "code": "ts",
      "name": "Tsonga",
      "direction": "ltr"
    }
  },
  {
    "model": "lang.language",
    "pk": 176,
    "fields": {
      "code": "frp",
      "name": "Franco-Proven\u00e7al",
      "direction": "ltr"
    }
  },
  {
    "model": "lang.language",
    "pk": 177,
    "fields": {
      "code": "zh_Hant",
      "name": "Chinese (Traditional)",
      "direction": "ltr"
    }
  },
  {
    "model": "lang.language",
    "pk": 178,
    "fields": {
      "code": "zh_Hans",
      "name": "Chinese (Simplified)",
      "direction": "ltr"
    }
  },
  {
    "model": "lang.language",
    "pk": 179,
    "fields": {
      "code": "sh",
      "name": "Serbo-Croatian",
      "direction": "ltr"
    }
  },
  {
    "model": "lang.language",
    "pk": 180,
    "fields": {
      "code": "nl_BE",
      "name": "Flemish",
      "direction": "ltr"
    }
  },
  {
    "model": "lang.language",
    "pk": 182,
    "fields": {
      "code": "ba",
      "name": "Bashkir",
      "direction": "ltr"
    }
  },
  {
    "model": "lang.language",
    "pk": 183,
    "fields": {
      "code": "yi",
      "name": "Yiddish",
      "direction": "rtl"
    }
  },
  {
    "model": "lang.language",
    "pk": 184,
    "fields": {
      "code": "de_AT",
      "name": "Austrian German",
      "direction": "ltr"
    }
  },
  {
    "model": "lang.language",
    "pk": 185,
    "fields": {
      "code": "de_CH",
      "name": "Swiss High German",
      "direction": "ltr"
    }
  },
  {
    "model": "lang.language",
    "pk": 186,
    "fields": {
      "code": "nds",
      "name": "Low German",
      "direction": "ltr"
    }
  },
  {
    "model": "lang.language",
    "pk": 187,
    "fields": {
      "code": "haw",
      "name": "Hawaiian",
      "direction": "ltr"
    }
  },
  {
    "model": "lang.language",
    "pk": 188,
    "fields": {
      "code": "vec",
      "name": "Venetian",
      "direction": "ltr"
    }
  },
  {
    "model": "lang.language",
    "pk": 189,
    "fields": {
      "code": "oj",
      "name": "Ojibwe",
      "direction": "ltr"
    }
  },
  {
    "model": "lang.language",
    "pk": 190,
    "fields": {
      "code": "ch",
      "name": "Chamorro",
      "direction": "ltr"
    }
  },
  {
    "model": "lang.language",
    "pk": 191,
    "fields": {
      "code": "chr",
      "name": "Cherokee",
      "direction": "ltr"
    }
  },
  {
    "model": "lang.language",
    "pk": 192,
    "fields": {
      "code": "cr",
      "name": "Cree",
      "direction": "ltr"
    }
  },
  {
    "model": "lang.language",
    "pk": 193,
    "fields": {
      "code": "ny",
      "name": "Nyanja",
      "direction": "ltr"
    }
  },
  {
    "model": "lang.language",
    "pk": 194,
    "fields": {
      "code": "sr_Latn",
      "name": "Serbian (latin)",
      "direction": "ltr"
    }
  },
  {
    "model": "lang.language",
    "pk": 195,
    "fields": {
      "code": "sr_Cyrl",
      "name": "Serbian (cyrillic)",
      "direction": "ltr"
    }
  },
  {
    "model": "lang.language",
    "pk": 196,
    "fields": {
      "code": "es_MX",
      "name": "Spanish (Mexico)",
      "direction": "ltr"
    }
  },
  {
    "model": "lang.language",
    "pk": 197,
    "fields": {
      "code": "es_PR",
      "name": "Spanish (Puerto Rico)",
      "direction": "ltr"
    }
  },
  {
    "model": "lang.language",
    "pk": 198,
    "fields": {
      "code": "es_US",
      "name": "Spanish (American)",
      "direction": "ltr"
    }
  },
  {
    "model": "lang.language",
    "pk": 199,
    "fields": {
      "code": "la",
      "name": "Latin",
      "direction": "ltr"
    }
  },
  {
    "model": "lang.language",
    "pk": 200,
    "fields": {
      "code": "ar_DZ",
      "name": "Arabic (Algeria)",
      "direction": "ltr"
    }
  },
  {
    "model": "lang.language",
    "pk": 201,
    "fields": {
      "code": "ar_MA",
      "name": "Arabic (Morocco)",
      "direction": "ltr"
    }
  },
  {
    "model": "lang.language",
    "pk": 202,
    "fields": {
      "code": "ur_PK",
      "name": "Urdu (Pakistan)",
      "direction": "ltr"
    }
  },
  {
    "model": "lang.language",
    "pk": 203,
    "fields": {
      "code": "uz_Latn",
      "name": "Uzbek (latin)",
      "direction": "ltr"
    }
  },
  {
    "model": "lang.language",
    "pk": 204,
    "fields": {
      "code": "bs_Latn",
      "name": "Bosnian (latin)",
      "direction": "ltr"
    }
  },
  {
    "model": "lang.language",
    "pk": 205,
    "fields": {
      "code": "bs_Cyrl",
      "name": "Bosnian (cyrillic)",
      "direction": "ltr"
    }
  },
  {
    "model": "lang.language",
    "pk": 206,
    "fields": {
      "code": "be_Latn",
      "name": "Belarusian (latin)",
      "direction": "ltr"
    }
  },
  {
    "model": "lang.language",
    "pk": 207,
    "fields": {
      "code": "en_IE",
      "name": "English (Ireland)",
      "direction": "ltr"
    }
  },
  {
    "model": "lang.language",
    "pk": 208,
    "fields": {
      "code": "en_PH",
      "name": "English (Philippines)",
      "direction": "ltr"
    }
  },
  {
    "model": "lang.language",
    "pk": 209,
    "fields": {
      "code": "fr_CA",
      "name": "French (Canada)",
      "direction": "ltr"
    }
  },
  {
    "model": "lang.language",
    "pk": 210,
    "fields": {
      "code": "kok",
      "name": "Konkani",
      "direction": "ltr"
    }
  },
  {
    "model": "lang.language",
    "pk": 211,
    "fields": {
      "code": "sa",
      "name": "Sanskrit",
      "direction": "ltr"
    }
  },
  {
    "model": "lang.language",
    "pk": 212,
    "fields": {
      "code": "bn_BD",
      "name": "Bengali (Bangladesh)",
      "direction": "ltr"
    }
  },
  {
    "model": "lang.language",
    "pk": 213,
    "fields": {
      "code": "ks",
      "name": "Kashmiri",
      "direction": "rtl"
    }
  },
  {
    "model": "lang.language",
    "pk": 214,
    "fields": {
      "code": "yue",
      "name": "Yue",
      "direction": "ltr"
    }
  },
  {
    "model": "lang.language",
    "pk": 215,
    "fields": {
      "code": "kab",
      "name": "Kabyle",
      "direction": "ltr"
    }
  },
  {
    "model": "lang.language",
    "pk": 216,
    "fields": {
      "code": "pr",
      "name": "Pirate",
      "direction": "ltr"
    }
  },
  {
    "model": "lang.language",
    "pk": 217,
    "fields": {
      "code": "hsb",
      "name": "Upper Sorbian",
      "direction": "ltr"
    }
  },
  {
    "model": "lang.language",
    "pk": 218,
    "fields": {
      "code": "ig",
      "name": "Igbo",
      "direction": "ltr"
    }
  },
  {
    "model": "lang.language",
    "pk": 219,
    "fields": {
      "code": "es_",
      "name": "Spanish",
      "direction": "ltr"
    }
  },
  {
    "model": "lang.language",
    "pk": 220,
    "fields": {
      "code": "es_CL",
      "name": "Spanish (Chile)",
      "direction": "ltr"
    }
  },
  {
    "model": "lang.language",
    "pk": 221,
    "fields": {
      "code": "es_CO",
      "name": "Spanish",
      "direction": "ltr"
    }
  },
  {
    "model": "lang.language",
    "pk": 222,
    "fields": {
      "code": "szl",
      "name": "Silesian",
      "direction": "ltr"
    }
  },
  {
    "model": "lang.language",
    "pk": 223,
    "fields": {
      "code": "sn",
      "name": "Shona",
      "direction": "ltr"
    }
  },
  {
    "model": "lang.language",
    "pk": 224,
    "fields": {
      "code": "bar",
      "name": "Bavarian",
      "direction": "ltr"
    }
  },
  {
    "model": "lang.language",
    "pk": 225,
    "fields": {
      "code": "me",
      "name": "Montenegrin",
      "direction": "ltr"
    }
  },
  {
    "model": "lang.language",
    "pk": 226,
    "fields": {
      "code": "da_DK",
      "name": "Danish",
      "direction": "ltr"
    }
  },
  {
    "model": "lang.language",
    "pk": 227,
    "fields": {
      "code": "de_DE",
      "name": "German",
      "direction": "ltr"
    }
  },
  {
    "model": "lang.language",
    "pk": 228,
    "fields": {
      "code": "es_ES",
      "name": "Spanish",
      "direction": "ltr"
    }
  },
  {
    "model": "lang.language",
    "pk": 229,
    "fields": {
      "code": "fr_FR",
      "name": "French",
      "direction": "ltr"
    }
  },
  {
    "model": "lang.language",
    "pk": 231,
    "fields": {
      "code": "ja_JP",
      "name": "Japanese",
      "direction": "ltr"
    }
  },
  {
    "model": "lang.language",
    "pk": 232,
    "fields": {
      "code": "no_NO",
      "name": "Norwegian (old code)",
      "direction": "ltr"
    }
  },
  {
    "model": "lang.language",
    "pk": 235,
    "fields": {
      "code": "dv",
      "name": "Dhivehi",
      "direction": "rtl"
    }
  },
  {
    "model": "lang.language",
    "pk": 236,
    "fields": {
      "code": "zh_Hant_HK",
      "name": "Chinese (Hong Kong)",
      "direction": "ltr"
    }
  },
  {
    "model": "lang.language",
    "pk": 237,
    "fields": {
      "code": "aa",
      "name": "Afar",
      "direction": "ltr"
    }
  },
  {
    "model": "lang.language",
    "pk": 238,
    "fields": {
      "code": "ab",
      "name": "Abkhazian",
      "direction": "ltr"
    }
  },
  {
    "model": "lang.language",
    "pk": 239,
    "fields": {
      "code": "ae",
      "name": "Avestan",
      "direction": "ltr"
    }
  },
  {
    "model": "lang.language",
    "pk": 240,
    "fields": {
      "code": "av",
      "name": "Avaric",
      "direction": "ltr"
    }
  },
  {
    "model": "lang.language",
    "pk": 241,
    "fields": {
      "code": "bh",
      "name": "Bihari",
      "direction": "ltr"
    }
  },
  {
    "model": "lang.language",
    "pk": 242,
    "fields": {
      "code": "bi",
      "name": "Bislama",
      "direction": "ltr"
    }
  },
  {
    "model": "lang.language",
    "pk": 243,
    "fields": {
      "code": "bm",
      "name": "Bambara",
      "direction": "ltr"
    }
  },
  {
    "model": "lang.language",
    "pk": 244,
    "fields": {
      "code": "ce",
      "name": "Chechen",
      "direction": "ltr"
    }
  },
  {
    "model": "lang.language",
    "pk": 245,
    "fields": {
      "code": "co",
      "name": "Corsican",
      "direction": "ltr"
    }
  },
  {
    "model": "lang.language",
    "pk": 246,
    "fields": {
      "code": "cu",
      "name": "Old Church Slavonic",
      "direction": "ltr"
    }
  },
  {
    "model": "lang.language",
    "pk": 247,
    "fields": {
      "code": "cv",
      "name": "Chuvash",
      "direction": "ltr"
    }
  },
  {
    "model": "lang.language",
    "pk": 248,
    "fields": {
      "code": "ee",
      "name": "Ewe",
      "direction": "ltr"
    }
  },
  {
    "model": "lang.language",
    "pk": 249,
    "fields": {
      "code": "fj",
      "name": "Fijian",
      "direction": "ltr"
    }
  },
  {
    "model": "lang.language",
    "pk": 250,
    "fields": {
      "code": "gn",
      "name": "Guarani",
      "direction": "ltr"
    }
  },
  {
    "model": "lang.language",
    "pk": 251,
    "fields": {
      "code": "gv",
      "name": "Manx",
      "direction": "ltr"
    }
  },
  {
    "model": "lang.language",
    "pk": 252,
    "fields": {
      "code": "ho",
      "name": "Hiri Motu",
      "direction": "ltr"
    }
  },
  {
    "model": "lang.language",
    "pk": 253,
    "fields": {
      "code": "hz",
      "name": "Herero",
      "direction": "ltr"
    }
  },
  {
    "model": "lang.language",
    "pk": 254,
    "fields": {
      "code": "ie",
      "name": "Occidental",
      "direction": "ltr"
    }
  },
  {
    "model": "lang.language",
    "pk": 255,
    "fields": {
      "code": "ii",
      "name": "Nuosu",
      "direction": "ltr"
    }
  },
  {
    "model": "lang.language",
    "pk": 256,
    "fields": {
      "code": "ik",
      "name": "Inupiaq",
      "direction": "ltr"
    }
  },
  {
    "model": "lang.language",
    "pk": 257,
    "fields": {
      "code": "io",
      "name": "Ido",
      "direction": "ltr"
    }
  },
  {
    "model": "lang.language",
    "pk": 258,
    "fields": {
      "code": "iu",
      "name": "Inuktitut",
      "direction": "ltr"
    }
  },
  {
    "model": "lang.language",
    "pk": 259,
    "fields": {
      "code": "kg",
      "name": "Kongo",
      "direction": "ltr"
    }
  },
  {
    "model": "lang.language",
    "pk": 260,
    "fields": {
      "code": "ki",
      "name": "Gikuyu",
      "direction": "ltr"
    }
  },
  {
    "model": "lang.language",
    "pk": 261,
    "fields": {
      "code": "kj",
      "name": "Kwanyama",
      "direction": "ltr"
    }
  },
  {
    "model": "lang.language",
    "pk": 262,
    "fields": {
      "code": "kr",
      "name": "Kanuri",
      "direction": "ltr"
    }
  },
  {
    "model": "lang.language",
    "pk": 263,
    "fields": {
      "code": "kv",
      "name": "Komi",
      "direction": "ltr"
    }
  },
  {
    "model": "lang.language",
    "pk": 264,
    "fields": {
      "code": "lg",
      "name": "Ganda",
      "direction": "ltr"
    }
  },
  {
    "model": "lang.language",
    "pk": 265,
    "fields": {
      "code": "lu",
      "name": "Luba-Katanga",
      "direction": "ltr"
    }
  },
  {
    "model": "lang.language",
    "pk": 266,
    "fields": {
      "code": "mh",
      "name": "Marshallese",
      "direction": "ltr"
    }
  },
  {
    "model": "lang.language",
    "pk": 267,
    "fields": {
      "code": "mo",
      "name": "Moldovan",
      "direction": "ltr"
    }
  },
  {
    "model": "lang.language",
    "pk": 268,
    "fields": {
      "code": "na",
      "name": "Nauru",
      "direction": "ltr"
    }
  },
  {
    "model": "lang.language",
    "pk": 269,
    "fields": {
      "code": "nd",
      "name": "North Ndebele",
      "direction": "ltr"
    }
  },
  {
    "model": "lang.language",
    "pk": 270,
    "fields": {
      "code": "ng",
      "name": "Ndonga",
      "direction": "ltr"
    }
  },
  {
    "model": "lang.language",
    "pk": 271,
    "fields": {
      "code": "nr",
      "name": "South Ndebele",
      "direction": "ltr"
    }
  },
  {
    "model": "lang.language",
    "pk": 272,
    "fields": {
      "code": "nv",
      "name": "Navaho",
      "direction": "ltr"
    }
  },
  {
    "model": "lang.language",
    "pk": 273,
    "fields": {
      "code": "om",
      "name": "Oromo",
      "direction": "ltr"
    }
  },
  {
    "model": "lang.language",
    "pk": 274,
    "fields": {
      "code": "pi",
      "name": "Pali",
      "direction": "ltr"
    }
  },
  {
    "model": "lang.language",
    "pk": 275,
    "fields": {
      "code": "qu",
      "name": "Quechua",
      "direction": "ltr"
    }
  },
  {
    "model": "lang.language",
    "pk": 276,
    "fields": {
      "code": "rn",
      "name": "Rundi",
      "direction": "ltr"
    }
  },
  {
    "model": "lang.language",
    "pk": 277,
    "fields": {
      "code": "rue",
      "name": "Rusyn",
      "direction": "ltr"
    }
  },
  {
    "model": "lang.language",
    "pk": 278,
    "fields": {
      "code": "sg",
      "name": "Sango",
      "direction": "ltr"
    }
  },
  {
    "model": "lang.language",
    "pk": 279,
    "fields": {
      "code": "sm",
      "name": "Samoan",
      "direction": "ltr"
    }
  },
  {
    "model": "lang.language",
    "pk": 280,
    "fields": {
      "code": "sma",
      "name": "Southern Sami",
      "direction": "ltr"
    }
  },
  {
    "model": "lang.language",
    "pk": 281,
    "fields": {
      "code": "ss",
      "name": "Swati",
      "direction": "ltr"
    }
  },
  {
    "model": "lang.language",
    "pk": 282,
    "fields": {
      "code": "tn",
      "name": "Tswana",
      "direction": "ltr"
    }
  },
  {
    "model": "lang.language",
    "pk": 283,
    "fields": {
      "code": "to",
      "name": "Tongan",
      "direction": "ltr"
    }
  },
  {
    "model": "lang.language",
    "pk": 284,
    "fields": {
      "code": "tw",
      "name": "Twi",
      "direction": "ltr"
    }
  },
  {
    "model": "lang.language",
    "pk": 285,
    "fields": {
      "code": "ty",
      "name": "Tahitian",
      "direction": "ltr"
    }
  },
  {
    "model": "lang.language",
    "pk": 286,
    "fields": {
      "code": "vo",
      "name": "Volap\u00fck",
      "direction": "ltr"
    }
  },
  {
    "model": "lang.language",
    "pk": 287,
    "fields": {
      "code": "xh",
      "name": "Xhosa",
      "direction": "ltr"
    }
  },
  {
    "model": "lang.language",
    "pk": 288,
    "fields": {
      "code": "za",
      "name": "Zhuang",
      "direction": "ltr"
    }
  },
  {
    "model": "lang.language",
    "pk": 289,
    "fields": {
      "code": "kmr",
      "name": "Kurmanji",
      "direction": "ltr"
    }
  },
  {
    "model": "lang.language",
    "pk": 290,
    "fields": {
      "code": "bem",
      "name": "Bemba",
      "direction": "ltr"
    }
  },
  {
    "model": "lang.language",
    "pk": 292,
    "fields": {
      "code": "crh",
      "name": "Crimean Tatar",
      "direction": "ltr"
    }
  },
  {
    "model": "lang.language",
    "pk": 293,
    "fields": {
      "code": "shn",
      "name": "Shan",
      "direction": "ltr"
    }
  },
  {
    "model": "lang.language",
    "pk": 294,
    "fields": {
      "code": "wae",
      "name": "Walser German",
      "direction": "ltr"
    }
  },
  {
    "model": "lang.language",
    "pk": 295,
    "fields": {
      "code": "chm",
      "name": "Mari",
      "direction": "ltr"
    }
  },
  {
    "model": "lang.language",
    "pk": 296,
    "fields": {
      "code": "dsb",
      "name": "Lower Sorbian",
      "direction": "ltr"
    }
  },
  {
    "model": "lang.language",
    "pk": 297,
    "fields": {
      "code": "wen",
      "name": "Sorbian",
      "direction": "ltr"
    }
  },
  {
    "model": "lang.language",
    "pk": 298,
    "fields": {
      "code": "mhr",
      "name": "Meadow Mari",
      "direction": "ltr"
    }
  },
  {
    "model": "lang.language",
    "pk": 299,
    "fields": {
      "code": "hil",
      "name": "Hiligaynon",
      "direction": "ltr"
    }
  },
  {
    "model": "lang.language",
    "pk": 300,
    "fields": {
      "code": "tig",
      "name": "Tigre",
      "direction": "ltr"
    }
  },
  {
    "model": "lang.language",
    "pk": 301,
    "fields": {
      "code": "jam",
      "name": "Jamaican Patois",
      "direction": "ltr"
    }
  },
  {
    "model": "lang.language",
    "pk": 302,
    "fields": {
      "code": "byn",
      "name": "Bilen",
      "direction": "ltr"
    }
  },
  {
    "model": "lang.language",
    "pk": 303,
    "fields": {
      "code": "gez",
      "name": "Ge'ez",
      "direction": "ltr"
    }
  },
  {
    "model": "lang.language",
    "pk": 304,
    "fields": {
      "code": "wal",
      "name": "Wolaytta",
      "direction": "ltr"
    }
  },
  {
    "model": "lang.language",
    "pk": 305,
    "fields": {
      "code": "es_EC",
      "name": "Spanish (Ecuador)",
      "direction": "ltr"
    }
  },
  {
    "model": "lang.language",
    "pk": 306,
    "fields": {
      "code": "ace",
      "name": "Acehnese",
      "direction": "ltr"
    }
  },
  {
    "model": "lang.language",
    "pk": 307,
    "fields": {
      "code": "ars",
      "name": "Najdi Arabic",
      "direction": "ltr"
    }
  },
  {
    "model": "lang.language",
    "pk": 308,
    "fields": {
      "code": "asa",
      "name": "Asu",
      "direction": "ltr"
    }
  },
  {
    "model": "lang.language",
    "pk": 309,
    "fields": {
      "code": "bez",
      "name": "Bena",
      "direction": "ltr"
    }
  },
  {
    "model": "lang.language",
    "pk": 310,
    "fields": {
      "code": "fa_AF",
      "name": "Dari",
      "direction": "ltr"
    }
  },
  {
    "model": "lang.language",
    "pk": 311,
    "fields": {
      "code": "fr_CH",
      "name": "French (Switzerland)",
      "direction": "ltr"
    }
  },
  {
    "model": "lang.language",
    "pk": 312,
    "fields": {
      "code": "gsw",
      "name": "Swiss German",
      "direction": "ltr"
    }
  },
  {
    "model": "lang.language",
    "pk": 313,
    "fields": {
      "code": "guw",
      "name": "Gun",
      "direction": "ltr"
    }
  },
  {
    "model": "lang.language",
    "pk": 314,
    "fields": {
      "code": "jgo",
      "name": "Ngomba",
      "direction": "ltr"
    }
  },
  {
    "model": "lang.language",
    "pk": 315,
    "fields": {
      "code": "jmc",
      "name": "Machame",
      "direction": "ltr"
    }
  },
  {
    "model": "lang.language",
    "pk": 316,
    "fields": {
      "code": "kaj",
      "name": "Jju",
      "direction": "ltr"
    }
  },
  {
    "model": "lang.language",
    "pk": 317,
    "fields": {
      "code": "kcg",
      "name": "Tyap",
      "direction": "ltr"
    }
  },
  {
    "model": "lang.language",
    "pk": 318,
    "fields": {
      "code": "kde",
      "name": "Makonde",
      "direction": "ltr"
    }
  },
  {
    "model": "lang.language",
    "pk": 319,
    "fields": {
      "code": "kea",
      "name": "Kabuverdianu",
      "direction": "ltr"
    }
  },
  {
    "model": "lang.language",
    "pk": 320,
    "fields": {
      "code": "kkj",
      "name": "Kako",
      "direction": "ltr"
    }
  },
  {
    "model": "lang.language",
    "pk": 321,
    "fields": {
      "code": "ksb",
      "name": "Shambala",
      "direction": "ltr"
    }
  },
  {
    "model": "lang.language",
    "pk": 322,
    "fields": {
      "code": "lag",
      "name": "Langi",
      "direction": "ltr"
    }
  },
  {
    "model": "lang.language",
    "pk": 323,
    "fields": {
      "code": "lkt",
      "name": "Lakota",
      "direction": "ltr"
    }
  },
  {
    "model": "lang.language",
    "pk": 324,
    "fields": {
      "code": "mas",
      "name": "Masai",
      "direction": "ltr"
    }
  },
  {
    "model": "lang.language",
    "pk": 325,
    "fields": {
      "code": "mgo",
      "name": "Meta\u02bc",
      "direction": "ltr"
    }
  },
  {
    "model": "lang.language",
    "pk": 326,
    "fields": {
      "code": "naq",
      "name": "Nama",
      "direction": "ltr"
    }
  },
  {
    "model": "lang.language",
    "pk": 327,
    "fields": {
      "code": "nnh",
      "name": "Ngiemboon",
      "direction": "ltr"
    }
  },
  {
    "model": "lang.language",
    "pk": 328,
    "fields": {
      "code": "nyn",
      "name": "Nyankole",
      "direction": "ltr"
    }
  },
  {
    "model": "lang.language",
    "pk": 329,
    "fields": {
      "code": "prg",
      "name": "Prussian",
      "direction": "ltr"
    }
  },
  {
    "model": "lang.language",
    "pk": 330,
    "fields": {
      "code": "ro_MD",
      "name": "Moldavian",
      "direction": "ltr"
    }
  },
  {
    "model": "lang.language",
    "pk": 331,
    "fields": {
      "code": "rof",
      "name": "Rombo",
      "direction": "ltr"
    }
  },
  {
    "model": "lang.language",
    "pk": 332,
    "fields": {
      "code": "rwk",
      "name": "Rwa",
      "direction": "ltr"
    }
  },
  {
    "model": "lang.language",
    "pk": 333,
    "fields": {
      "code": "saq",
      "name": "Samburu",
      "direction": "ltr"
    }
  },
  {
    "model": "lang.language",
    "pk": 334,
    "fields": {
      "code": "sdh",
      "name": "Southern Kurdish",
      "direction": "ltr"
    }
  },
  {
    "model": "lang.language",
    "pk": 335,
    "fields": {
      "code": "seh",
      "name": "Sena",
      "direction": "ltr"
    }
  },
  {
    "model": "lang.language",
    "pk": 336,
    "fields": {
      "code": "ses",
      "name": "Koyraboro Senni",
      "direction": "ltr"
    }
  },
  {
    "model": "lang.language",
    "pk": 337,
    "fields": {
      "code": "shi",
      "name": "Tachelhit",
      "direction": "ltr"
    }
  },
  {
    "model": "lang.language",
    "pk": 338,
    "fields": {
      "code": "smi",
      "name": "Sami",
      "direction": "ltr"
    }
  },
  {
    "model": "lang.language",
    "pk": 339,
    "fields": {
      "code": "smj",
      "name": "Lule Sami",
      "direction": "ltr"
    }
  },
  {
    "model": "lang.language",
    "pk": 340,
    "fields": {
      "code": "smn",
      "name": "Inari Sami",
      "direction": "ltr"
    }
  },
  {
    "model": "lang.language",
    "pk": 341,
    "fields": {
      "code": "sms",
      "name": "Skolt Sami",
      "direction": "ltr"
    }
  },
  {
    "model": "lang.language",
    "pk": 342,
    "fields": {
      "code": "ssy",
      "name": "Saho",
      "direction": "ltr"
    }
  },
  {
    "model": "lang.language",
    "pk": 343,
    "fields": {
      "code": "sw_CD",
      "name": "Congo Swahili",
      "direction": "ltr"
    }
  },
  {
    "model": "lang.language",
    "pk": 344,
    "fields": {
      "code": "syr",
      "name": "Syriac",
      "direction": "ltr"
    }
  },
  {
    "model": "lang.language",
    "pk": 345,
    "fields": {
      "code": "teo",
      "name": "Teso",
      "direction": "ltr"
    }
  },
  {
    "model": "lang.language",
    "pk": 346,
    "fields": {
      "code": "tzm",
      "name": "Central Atlas Tamazight",
      "direction": "ltr"
    }
  },
  {
    "model": "lang.language",
    "pk": 347,
    "fields": {
      "code": "vun",
      "name": "Vunjo",
      "direction": "ltr"
    }
  },
  {
    "model": "lang.language",
    "pk": 348,
    "fields": {
      "code": "xog",
      "name": "Soga",
      "direction": "ltr"
    }
  },
  {
    "model": "lang.plural",
    "pk": 1,
    "fields": {
      "source": 0,
      "number": 2,
      "formula": "n != 1",
      "type": 1,
      "language": 238
    }
  },
  {
    "model": "lang.plural",
    "pk": 2,
    "fields": {
      "source": 0,
      "number": 1,
      "formula": "0",
      "type": 0,
      "language": 306
    }
  },
  {
    "model": "lang.plural",
    "pk": 3,
    "fields": {
      "source": 0,
      "number": 2,
      "formula": "n > 1",
      "type": 1,
      "language": 155
    }
  },
  {
    "model": "lang.plural",
    "pk": 4,
    "fields": {
      "source": 0,
      "number": 2,
      "formula": "n != 1",
      "type": 1,
      "language": 237
    }
  },
  {
    "model": "lang.plural",
    "pk": 5,
    "fields": {
      "source": 0,
      "number": 2,
      "formula": "n != 1",
      "type": 1,
      "language": 65
    }
  },
  {
    "model": "lang.plural",
    "pk": 6,
    "fields": {
      "source": 0,
      "number": 2,
      "formula": "n > 1",
      "type": 1,
      "language": 68
    }
  },
  {
    "model": "lang.plural",
    "pk": 7,
    "fields": {
      "source": 0,
      "number": 2,
      "formula": "n != 1",
      "type": 1,
      "language": 120
    }
  },
  {
    "model": "lang.plural",
    "pk": 8,
    "fields": {
      "source": 0,
      "number": 2,
      "formula": "n > 1",
      "type": 1,
      "language": 69
    }
  },
  {
    "model": "lang.plural",
    "pk": 9,
    "fields": {
      "source": 0,
      "number": 2,
      "formula": "n != 1",
      "type": 1,
      "language": 156
    }
  },
  {
    "model": "lang.plural",
    "pk": 10,
    "fields": {
      "source": 0,
      "number": 6,
      "formula": "n==0 ? 0 : n==1 ? 1 : n==2 ? 2 : n%100>=3 && n%100<=10 ? 3 : n%100>=11 ? 4 : 5",
      "type": 3,
      "language": 73
    }
  },
  {
    "model": "lang.plural",
    "pk": 11,
    "fields": {
      "source": 0,
      "number": 6,
      "formula": "n==0 ? 0 : n==1 ? 1 : n==2 ? 2 : n%100>=3 && n%100<=10 ? 3 : n%100>=11 ? 4 : 5",
      "type": 3,
      "language": 200
    }
  },
  {
    "model": "lang.plural",
    "pk": 12,
    "fields": {
      "source": 0,
      "number": 6,
      "formula": "n==0 ? 0 : n==1 ? 1 : n==2 ? 2 : n%100>=3 && n%100<=10 ? 3 : n%100>=11 ? 4 : 5",
      "type": 3,
      "language": 201
    }
  },
  {
    "model": "lang.plural",
    "pk": 13,
    "fields": {
      "source": 0,
      "number": 2,
      "formula": "n != 1",
      "type": 1,
      "language": 71
    }
  },
  {
    "model": "lang.plural",
    "pk": 14,
    "fields": {
      "source": 0,
      "number": 2,
      "formula": "n > 1",
      "type": 1,
      "language": 36
    }
  },
  {
    "model": "lang.plural",
    "pk": 15,
    "fields": {
      "source": 0,
      "number": 2,
      "formula": "n > 1",
      "type": 1,
      "language": 157
    }
  },
  {
    "model": "lang.plural",
    "pk": 16,
    "fields": {
      "source": 0,
      "number": 2,
      "formula": "n != 1",
      "type": 1,
      "language": 103
    }
  },
  {
    "model": "lang.plural",
    "pk": 17,
    "fields": {
      "source": 0,
      "number": 2,
      "formula": "n != 1",
      "type": 1,
      "language": 308
    }
  },
  {
    "model": "lang.plural",
    "pk": 18,
    "fields": {
      "source": 0,
      "number": 2,
      "formula": "n != 1",
      "type": 1,
      "language": 184
    }
  },
  {
    "model": "lang.plural",
    "pk": 19,
    "fields": {
      "source": 0,
      "number": 2,
      "formula": "n != 1",
      "type": 1,
      "language": 240
    }
  },
  {
    "model": "lang.plural",
    "pk": 20,
    "fields": {
      "source": 0,
      "number": 2,
      "formula": "n != 1",
      "type": 1,
      "language": 239
    }
  },
  {
    "model": "lang.plural",
    "pk": 21,
    "fields": {
      "source": 0,
      "number": 1,
      "formula": "0",
      "type": 0,
      "language": 158
    }
  },
  {
    "model": "lang.plural",
    "pk": 22,
    "fields": {
      "source": 0,
      "number": 2,
      "formula": "n != 1",
      "type": 1,
      "language": 78
    }
  },
  {
    "model": "lang.plural",
    "pk": 23,
    "fields": {
      "source": 0,
      "number": 1,
      "formula": "0",
      "type": 0,
      "language": 243
    }
  },
  {
    "model": "lang.plural",
    "pk": 24,
    "fields": {
      "source": 0,
      "number": 2,
      "formula": "n != 1",
      "type": 1,
      "language": 182
    }
  },
  {
    "model": "lang.plural",
    "pk": 25,
    "fields": {
      "source": 0,
      "number": 2,
      "formula": "n != 1",
      "type": 1,
      "language": 76
    }
  },
  {
    "model": "lang.plural",
    "pk": 26,
    "fields": {
      "source": 0,
      "number": 2,
      "formula": "n != 1",
      "type": 1,
      "language": 224
    }
  },
  {
    "model": "lang.plural",
    "pk": 27,
    "fields": {
      "source": 0,
      "number": 3,
      "formula": "n%10==1 && n%100!=11 ? 0 : n%10>=2 && n%10<=4 && (n%100<10 || n%100>=20) ? 1 : 2",
      "type": 2,
      "language": 98
    }
  },
  {
    "model": "lang.plural",
    "pk": 28,
    "fields": {
      "source": 0,
      "number": 3,
      "formula": "n%10==1 && n%100!=11 ? 0 : n%10>=2 && n%10<=4 && (n%100<10 || n%100>=20) ? 1 : 2",
      "type": 2,
      "language": 142
    }
  },
  {
    "model": "lang.plural",
    "pk": 29,
    "fields": {
      "source": 0,
      "number": 3,
      "formula": "n%10==1 && n%100!=11 ? 0 : n%10>=2 && n%10<=4 && (n%100<10 || n%100>=20) ? 1 : 2",
      "type": 2,
      "language": 206
    }
  },
  {
    "model": "lang.plural",
    "pk": 30,
    "fields": {
      "source": 0,
      "number": 2,
      "formula": "n != 1",
      "type": 1,
      "language": 290
    }
  },
  {
    "model": "lang.plural",
    "pk": 31,
    "fields": {
      "source": 0,
      "number": 2,
      "formula": "n != 1",
      "type": 1,
      "language": 309
    }
  },
  {
    "model": "lang.plural",
    "pk": 32,
    "fields": {
      "source": 0,
      "number": 2,
      "formula": "n > 1",
      "type": 1,
      "language": 106
    }
  },
  {
    "model": "lang.plural",
    "pk": 33,
    "fields": {
      "source": 0,
      "number": 2,
      "formula": "n != 1",
      "type": 1,
      "language": 212
    }
  },
  {
    "model": "lang.plural",
    "pk": 34,
    "fields": {
      "source": 0,
      "number": 2,
      "formula": "n != 1",
      "type": 1,
      "language": 81
    }
  },
  {
    "model": "lang.plural",
    "pk": 35,
    "fields": {
      "source": 0,
      "number": 2,
      "formula": "n > 1",
      "type": 1,
      "language": 241
    }
  },
  {
    "model": "lang.plural",
    "pk": 36,
    "fields": {
      "source": 0,
      "number": 2,
      "formula": "n != 1",
      "type": 1,
      "language": 302
    }
  },
  {
    "model": "lang.plural",
    "pk": 37,
    "fields": {
      "source": 0,
      "number": 2,
      "formula": "n != 1",
      "type": 1,
      "language": 242
    }
  },
  {
    "model": "lang.plural",
    "pk": 38,
    "fields": {
      "source": 0,
      "number": 2,
      "formula": "n != 1",
      "type": 1,
      "language": 159
    }
  },
  {
    "model": "lang.plural",
    "pk": 39,
    "fields": {
      "source": 0,
      "number": 3,
      "formula": "n%10==1 && n%100!=11 ? 0 : n%10>=2 && n%10<=4 && (n%100<10 || n%100>=20) ? 1 : 2",
      "type": 2,
      "language": 110
    }
  },
  {
    "model": "lang.plural",
    "pk": 40,
    "fields": {
      "source": 0,
      "number": 3,
      "formula": "n%10==1 && n%100!=11 ? 0 : n%10>=2 && n%10<=4 && (n%100<10 || n%100>=20) ? 1 : 2",
      "type": 2,
      "language": 205
    }
  },
  {
    "model": "lang.plural",
    "pk": 41,
    "fields": {
      "source": 0,
      "number": 3,
      "formula": "n%10==1 && n%100!=11 ? 0 : n%10>=2 && n%10<=4 && (n%100<10 || n%100>=20) ? 1 : 2",
      "type": 2,
      "language": 204
    }
  },
  {
    "model": "lang.plural",
    "pk": 42,
    "fields": {
      "source": 0,
      "number": 5,
      "formula": "(n % 10 == 1 && n % 100 != 11 && n % 100 != 71 && n % 100 != 91) ? 0 : ((n % 10 == 2 && n % 100 != 12 && n % 100 != 72 && n % 100 != 92) ? 1 : ((((n % 10 == 3 || n % 10 == 4) || n % 10 == 9) && (n % 100 < 10 || n % 100 > 19) && (n % 100 < 70 || n % 100 > 79) && (n % 100 < 90 || n % 100 > 99)) ? 2 : ((n != 0 && n % 1000000 == 0) ? 3 : 4)))",
      "type": 10,
      "language": 109
    }
  },
  {
    "model": "lang.plural",
    "pk": 43,
    "fields": {
      "source": 0,
      "number": 2,
      "formula": "n != 1",
      "type": 1,
      "language": 100
    }
  },
  {
    "model": "lang.plural",
    "pk": 44,
    "fields": {
      "source": 0,
      "number": 1,
      "formula": "0",
      "type": 0,
      "language": 168
    }
  },
  {
    "model": "lang.plural",
    "pk": 45,
    "fields": {
      "source": 0,
      "number": 2,
      "formula": "n != 1",
      "type": 1,
      "language": 6
    }
  },
  {
    "model": "lang.plural",
    "pk": 46,
    "fields": {
      "source": 0,
      "number": 2,
      "formula": "n >= 2 && (n < 11 || n > 99)",
      "type": 1,
      "language": 346
    }
  },
  {
    "model": "lang.plural",
    "pk": 47,
    "fields": {
      "source": 0,
      "number": 1,
      "formula": "0",
      "type": 0,
      "language": 123
    }
  },
  {
    "model": "lang.plural",
    "pk": 48,
    "fields": {
      "source": 0,
      "number": 2,
      "formula": "n != 1",
      "type": 1,
      "language": 190
    }
  },
  {
    "model": "lang.plural",
    "pk": 49,
    "fields": {
      "source": 0,
      "number": 2,
      "formula": "n != 1",
      "type": 1,
      "language": 244
    }
  },
  {
    "model": "lang.plural",
    "pk": 50,
    "fields": {
      "source": 0,
      "number": 2,
      "formula": "n != 1",
      "type": 1,
      "language": 191
    }
  },
  {
    "model": "lang.plural",
    "pk": 51,
    "fields": {
      "source": 0,
      "number": 2,
      "formula": "n != 1",
      "type": 1,
      "language": 163
    }
  },
  {
    "model": "lang.plural",
    "pk": 52,
    "fields": {
      "source": 0,
      "number": 2,
      "formula": "n != 1",
      "type": 1,
      "language": 160
    }
  },
  {
    "model": "lang.plural",
    "pk": 53,
    "fields": {
      "source": 0,
      "number": 1,
      "formula": "0",
      "type": 0,
      "language": 150
    }
  },
  {
    "model": "lang.plural",
    "pk": 54,
    "fields": {
      "source": 0,
      "number": 1,
      "formula": "0",
      "type": 0,
      "language": 49
    }
  },
  {
    "model": "lang.plural",
    "pk": 55,
    "fields": {
      "source": 0,
      "number": 1,
      "formula": "0",
      "type": 0,
      "language": 55
    }
  },
  {
    "model": "lang.plural",
    "pk": 56,
    "fields": {
      "source": 0,
      "number": 1,
      "formula": "0",
      "type": 0,
      "language": 236
    }
  },
  {
    "model": "lang.plural",
    "pk": 57,
    "fields": {
      "source": 0,
      "number": 1,
      "formula": "0",
      "type": 0,
      "language": 178
    }
  },
  {
    "model": "lang.plural",
    "pk": 58,
    "fields": {
      "source": 0,
      "number": 1,
      "formula": "0",
      "type": 0,
      "language": 94
    }
  },
  {
    "model": "lang.plural",
    "pk": 59,
    "fields": {
      "source": 0,
      "number": 1,
      "formula": "0",
      "type": 0,
      "language": 177
    }
  },
  {
    "model": "lang.plural",
    "pk": 60,
    "fields": {
      "source": 0,
      "number": 2,
      "formula": "n != 1",
      "type": 1,
      "language": 247
    }
  },
  {
    "model": "lang.plural",
    "pk": 61,
    "fields": {
      "source": 0,
      "number": 3,
      "formula": "n==0 ? 0 : n==1 ? 1 : 2",
      "type": 11,
      "language": 153
    }
  },
  {
    "model": "lang.plural",
    "pk": 62,
    "fields": {
      "source": 0,
      "number": 2,
      "formula": "n != 1",
      "type": 1,
      "language": 343
    }
  },
  {
    "model": "lang.plural",
    "pk": 63,
    "fields": {
      "source": 0,
      "number": 3,
      "formula": "(n == 1) ? 0 : ((n == 2) ? 1 : 2)",
      "type": 4,
      "language": 128
    }
  },
  {
    "model": "lang.plural",
    "pk": 64,
    "fields": {
      "source": 0,
      "number": 2,
      "formula": "n != 1",
      "type": 1,
      "language": 245
    }
  },
  {
    "model": "lang.plural",
    "pk": 65,
    "fields": {
      "source": 0,
      "number": 2,
      "formula": "n != 1",
      "type": 1,
      "language": 192
    }
  },
  {
    "model": "lang.plural",
    "pk": 66,
    "fields": {
      "source": 0,
      "number": 1,
      "formula": "0",
      "type": 0,
      "language": 292
    }
  },
  {
    "model": "lang.plural",
    "pk": 67,
    "fields": {
      "source": 0,
      "number": 3,
      "formula": "n%10==1 && n%100!=11 ? 0 : n%10>=2 && n%10<=4 && (n%100<10 || n%100>=20) ? 1 : 2",
      "type": 2,
      "language": 38
    }
  },
  {
    "model": "lang.plural",
    "pk": 68,
    "fields": {
      "source": 0,
      "number": 3,
      "formula": "(n==1) ? 0 : (n>=2 && n<=4) ? 1 : 2",
      "type": 2,
      "language": 12
    }
  },
  {
    "model": "lang.plural",
    "pk": 69,
    "fields": {
      "source": 0,
      "number": 2,
      "formula": "n != 1",
      "type": 1,
      "language": 41
    }
  },
  {
    "model": "lang.plural",
    "pk": 70,
    "fields": {
      "source": 0,
      "number": 2,
      "formula": "n != 1",
      "type": 1,
      "language": 226
    }
  },
  {
    "model": "lang.plural",
    "pk": 71,
    "fields": {
      "source": 0,
      "number": 2,
      "formula": "n > 1",
      "type": 1,
      "language": 310
    }
  },
  {
    "model": "lang.plural",
    "pk": 72,
    "fields": {
      "source": 0,
      "number": 2,
      "formula": "n != 1",
      "type": 1,
      "language": 235
    }
  },
  {
    "model": "lang.plural",
    "pk": 73,
    "fields": {
      "source": 0,
      "number": 2,
      "formula": "n != 1",
      "type": 1,
      "language": 161
    }
  },
  {
    "model": "lang.plural",
    "pk": 74,
    "fields": {
      "source": 0,
      "number": 2,
      "formula": "n != 1",
      "type": 1,
      "language": 84
    }
  },
  {
    "model": "lang.plural",
    "pk": 75,
    "fields": {
      "source": 0,
      "number": 1,
      "formula": "0",
      "type": 0,
      "language": 43
    }
  },
  {
    "model": "lang.plural",
    "pk": 76,
    "fields": {
      "source": 0,
      "number": 2,
      "formula": "n != 1",
      "type": 1,
      "language": 63
    }
  },
  {
    "model": "lang.plural",
    "pk": 77,
    "fields": {
      "source": 0,
      "number": 2,
      "formula": "n != 1",
      "type": 1,
      "language": 145
    }
  },
  {
    "model": "lang.plural",
    "pk": 78,
    "fields": {
      "source": 0,
      "number": 2,
      "formula": "n != 1",
      "type": 1,
      "language": 144
    }
  },
  {
    "model": "lang.plural",
    "pk": 79,
    "fields": {
      "source": 0,
      "number": 2,
      "formula": "n != 1",
      "type": 1,
      "language": 207
    }
  },
  {
    "model": "lang.plural",
    "pk": 80,
    "fields": {
      "source": 0,
      "number": 2,
      "formula": "n != 1",
      "type": 1,
      "language": 208
    }
  },
  {
    "model": "lang.plural",
    "pk": 81,
    "fields": {
      "source": 0,
      "number": 2,
      "formula": "n != 1",
      "type": 1,
      "language": 54
    }
  },
  {
    "model": "lang.plural",
    "pk": 82,
    "fields": {
      "source": 0,
      "number": 2,
      "formula": "n != 1",
      "type": 1,
      "language": 34
    }
  },
  {
    "model": "lang.plural",
    "pk": 83,
    "fields": {
      "source": 0,
      "number": 2,
      "formula": "n != 1",
      "type": 1,
      "language": 143
    }
  },
  {
    "model": "lang.plural",
    "pk": 84,
    "fields": {
      "source": 0,
      "number": 2,
      "formula": "n != 1",
      "type": 1,
      "language": 62
    }
  },
  {
    "model": "lang.plural",
    "pk": 85,
    "fields": {
      "source": 0,
      "number": 2,
      "formula": "n != 1",
      "type": 1,
      "language": 77
    }
  },
  {
    "model": "lang.plural",
    "pk": 86,
    "fields": {
      "source": 0,
      "number": 2,
      "formula": "n != 1",
      "type": 1,
      "language": 248
    }
  },
  {
    "model": "lang.plural",
    "pk": 87,
    "fields": {
      "source": 0,
      "number": 2,
      "formula": "n != 1",
      "type": 1,
      "language": 115
    }
  },
  {
    "model": "lang.plural",
    "pk": 88,
    "fields": {
      "source": 0,
      "number": 2,
      "formula": "n != 1",
      "type": 1,
      "language": 249
    }
  },
  {
    "model": "lang.plural",
    "pk": 89,
    "fields": {
      "source": 0,
      "number": 2,
      "formula": "n != 1 && n != 2 && n != 3 && (n % 10 == 4 || n % 10 == 6 || n % 10 == 9)",
      "type": 1,
      "language": 57
    }
  },
  {
    "model": "lang.plural",
    "pk": 90,
    "fields": {
      "source": 0,
      "number": 2,
      "formula": "n != 1",
      "type": 1,
      "language": 112
    }
  },
  {
    "model": "lang.plural",
    "pk": 91,
    "fields": {
      "source": 0,
      "number": 2,
      "formula": "n != 1",
      "type": 1,
      "language": 180
    }
  },
  {
    "model": "lang.plural",
    "pk": 92,
    "fields": {
      "source": 0,
      "number": 2,
      "formula": "n > 1",
      "type": 1,
      "language": 176
    }
  },
  {
    "model": "lang.plural",
    "pk": 93,
    "fields": {
      "source": 0,
      "number": 2,
      "formula": "n > 1",
      "type": 1,
      "language": 99
    }
  },
  {
    "model": "lang.plural",
    "pk": 94,
    "fields": {
      "source": 0,
      "number": 2,
      "formula": "n > 1",
      "type": 1,
      "language": 229
    }
  },
  {
    "model": "lang.plural",
    "pk": 95,
    "fields": {
      "source": 0,
      "number": 2,
      "formula": "n > 1",
      "type": 1,
      "language": 209
    }
  },
  {
    "model": "lang.plural",
    "pk": 96,
    "fields": {
      "source": 0,
      "number": 2,
      "formula": "n > 1",
      "type": 1,
      "language": 311
    }
  },
  {
    "model": "lang.plural",
    "pk": 97,
    "fields": {
      "source": 0,
      "number": 2,
      "formula": "n != 1",
      "type": 1,
      "language": 105
    }
  },
  {
    "model": "lang.plural",
    "pk": 98,
    "fields": {
      "source": 0,
      "number": 2,
      "formula": "n != 1",
      "type": 1,
      "language": 48
    }
  },
  {
    "model": "lang.plural",
    "pk": 99,
    "fields": {
      "source": 0,
      "number": 2,
      "formula": "n > 1",
      "type": 1,
      "language": 3
    }
  },
  {
    "model": "lang.plural",
    "pk": 100,
    "fields": {
      "source": 0,
      "number": 4,
      "formula": "(n==1 || n==11) ? 0 : (n==2 || n==12) ? 1 : (n > 2 && n < 20) ? 2 : 3",
      "type": 6,
      "language": 10
    }
  },
  {
    "model": "lang.plural",
    "pk": 101,
    "fields": {
      "source": 0,
      "number": 2,
      "formula": "n != 1",
      "type": 1,
      "language": 13
    }
  },
  {
    "model": "lang.plural",
    "pk": 102,
    "fields": {
      "source": 0,
      "number": 2,
      "formula": "n != 1",
      "type": 1,
      "language": 264
    }
  },
  {
    "model": "lang.plural",
    "pk": 103,
    "fields": {
      "source": 0,
      "number": 2,
      "formula": "n != 1",
      "type": 1,
      "language": 303
    }
  },
  {
    "model": "lang.plural",
    "pk": 104,
    "fields": {
      "source": 0,
      "number": 2,
      "formula": "n != 1",
      "type": 1,
      "language": 116
    }
  },
  {
    "model": "lang.plural",
    "pk": 105,
    "fields": {
      "source": 0,
      "number": 2,
      "formula": "n != 1",
      "type": 1,
      "language": 39
    }
  },
  {
    "model": "lang.plural",
    "pk": 106,
    "fields": {
      "source": 0,
      "number": 2,
      "formula": "n != 1",
      "type": 1,
      "language": 227
    }
  },
  {
    "model": "lang.plural",
    "pk": 107,
    "fields": {
      "source": 0,
      "number": 2,
      "formula": "n != 1",
      "type": 1,
      "language": 260
    }
  },
  {
    "model": "lang.plural",
    "pk": 108,
    "fields": {
      "source": 0,
      "number": 2,
      "formula": "n != 1",
      "type": 1,
      "language": 61
    }
  },
  {
    "model": "lang.plural",
    "pk": 109,
    "fields": {
      "source": 0,
      "number": 2,
      "formula": "n != 1",
      "type": 1,
      "language": 165
    }
  },
  {
    "model": "lang.plural",
    "pk": 110,
    "fields": {
      "source": 0,
      "number": 2,
      "formula": "n != 1",
      "type": 1,
      "language": 250
    }
  },
  {
    "model": "lang.plural",
    "pk": 111,
    "fields": {
      "source": 0,
      "number": 2,
      "formula": "n > 1",
      "type": 1,
      "language": 2
    }
  },
  {
    "model": "lang.plural",
    "pk": 112,
    "fields": {
      "source": 0,
      "number": 2,
      "formula": "n > 1",
      "type": 1,
      "language": 8
    }
  },
  {
    "model": "lang.plural",
    "pk": 113,
    "fields": {
      "source": 0,
      "number": 2,
      "formula": "n > 1",
      "type": 1,
      "language": 313
    }
  },
  {
    "model": "lang.plural",
    "pk": 114,
    "fields": {
      "source": 0,
      "number": 2,
      "formula": "n != 1",
      "type": 1,
      "language": 40
    }
  },
  {
    "model": "lang.plural",
    "pk": 115,
    "fields": {
      "source": 0,
      "number": 2,
      "formula": "n != 1",
      "type": 1,
      "language": 45
    }
  },
  {
    "model": "lang.plural",
    "pk": 116,
    "fields": {
      "source": 0,
      "number": 2,
      "formula": "n != 1",
      "type": 1,
      "language": 187
    }
  },
  {
    "model": "lang.plural",
    "pk": 117,
    "fields": {
      "source": 0,
      "number": 4,
      "formula": "(n == 1) ? 0 : ((n == 2) ? 1 : ((n > 10 && n % 10 == 0) ? 2 : 3))",
      "type": 6,
      "language": 46
    }
  },
  {
    "model": "lang.plural",
    "pk": 118,
    "fields": {
      "source": 0,
      "number": 2,
      "formula": "n != 1",
      "type": 1,
      "language": 253
    }
  },
  {
    "model": "lang.plural",
    "pk": 119,
    "fields": {
      "source": 0,
      "number": 2,
      "formula": "n != 1",
      "type": 1,
      "language": 299
    }
  },
  {
    "model": "lang.plural",
    "pk": 120,
    "fields": {
      "source": 0,
      "number": 2,
      "formula": "n > 1",
      "type": 1,
      "language": 42
    }
  },
  {
    "model": "lang.plural",
    "pk": 121,
    "fields": {
      "source": 0,
      "number": 2,
      "formula": "n != 1",
      "type": 1,
      "language": 252
    }
  },
  {
    "model": "lang.plural",
    "pk": 122,
    "fields": {
      "source": 0,
      "number": 2,
      "formula": "n != 1",
      "type": 1,
      "language": 113
    }
  },
  {
    "model": "lang.plural",
    "pk": 123,
    "fields": {
      "source": 0,
      "number": 2,
      "formula": "n % 10 != 1 || n % 100 == 11",
      "type": 1,
      "language": 33
    }
  },
  {
    "model": "lang.plural",
    "pk": 124,
    "fields": {
      "source": 0,
      "number": 2,
      "formula": "n != 1",
      "type": 1,
      "language": 257
    }
  },
  {
    "model": "lang.plural",
    "pk": 125,
    "fields": {
      "source": 0,
      "number": 1,
      "formula": "0",
      "type": 0,
      "language": 218
    }
  },
  {
    "model": "lang.plural",
    "pk": 126,
    "fields": {
      "source": 0,
      "number": 3,
      "formula": "(n == 1) ? 0 : ((n == 2) ? 1 : 2)",
      "type": 4,
      "language": 340
    }
  },
  {
    "model": "lang.plural",
    "pk": 127,
    "fields": {
      "source": 0,
      "number": 1,
      "formula": "0",
      "type": 0,
      "language": 79
    }
  },
  {
    "model": "lang.plural",
    "pk": 128,
    "fields": {
      "source": 0,
      "number": 2,
      "formula": "n != 1",
      "type": 1,
      "language": 72
    }
  },
  {
    "model": "lang.plural",
    "pk": 129,
    "fields": {
      "source": 0,
      "number": 3,
      "formula": "(n == 1) ? 0 : ((n == 2) ? 1 : 2)",
      "type": 4,
      "language": 258
    }
  },
  {
    "model": "lang.plural",
    "pk": 130,
    "fields": {
      "source": 0,
      "number": 2,
      "formula": "n != 1",
      "type": 1,
      "language": 256
    }
  },
  {
    "model": "lang.plural",
    "pk": 131,
    "fields": {
      "source": 0,
      "number": 5,
      "formula": "n==1 ? 0 : n==2 ? 1 : (n>2 && n<7) ? 2 :(n>6 && n<11) ? 3 : 4",
      "type": 10,
      "language": 11
    }
  },
  {
    "model": "lang.plural",
    "pk": 132,
    "fields": {
      "source": 0,
      "number": 2,
      "formula": "n != 1",
      "type": 1,
      "language": 70
    }
  },
  {
    "model": "lang.plural",
    "pk": 133,
    "fields": {
      "source": 0,
      "number": 2,
      "formula": "n != 1",
      "type": 1,
      "language": 301
    }
  },
  {
    "model": "lang.plural",
    "pk": 134,
    "fields": {
      "source": 0,
      "number": 1,
      "formula": "0",
      "type": 0,
      "language": 114
    }
  },
  {
    "model": "lang.plural",
    "pk": 135,
    "fields": {
      "source": 0,
      "number": 1,
      "formula": "0",
      "type": 1,
      "language": 231
    }
  },
  {
    "model": "lang.plural",
    "pk": 136,
    "fields": {
      "source": 0,
      "number": 1,
      "formula": "0",
      "type": 0,
      "language": 97
    }
  },
  {
    "model": "lang.plural",
    "pk": 137,
    "fields": {
      "source": 0,
      "number": 2,
      "formula": "n != 1",
      "type": 1,
      "language": 316
    }
  },
  {
    "model": "lang.plural",
    "pk": 138,
    "fields": {
      "source": 0,
      "number": 1,
      "formula": "0",
      "type": 0,
      "language": 319
    }
  },
  {
    "model": "lang.plural",
    "pk": 139,
    "fields": {
      "source": 0,
      "number": 2,
      "formula": "n > 1",
      "type": 1,
      "language": 215
    }
  },
  {
    "model": "lang.plural",
    "pk": 140,
    "fields": {
      "source": 0,
      "number": 2,
      "formula": "n != 1",
      "type": 1,
      "language": 320
    }
  },
  {
    "model": "lang.plural",
    "pk": 141,
    "fields": {
      "source": 0,
      "number": 2,
      "formula": "n > 1",
      "type": 1,
      "language": 122
    }
  },
  {
    "model": "lang.plural",
    "pk": 142,
    "fields": {
      "source": 0,
      "number": 2,
      "formula": "n != 1",
      "type": 1,
      "language": 262
    }
  },
  {
    "model": "lang.plural",
    "pk": 143,
    "fields": {
      "source": 0,
      "number": 2,
      "formula": "n != 1",
      "type": 1,
      "language": 213
    }
  },
  {
    "model": "lang.plural",
    "pk": 144,
    "fields": {
      "source": 0,
      "number": 3,
      "formula": "n==1 ? 0 : n%10>=2 && n%10<=4 && (n%100<10 || n%100>=20) ? 1 : 2",
      "type": 2,
      "language": 89
    }
  },
  {
    "model": "lang.plural",
    "pk": 145,
    "fields": {
      "source": 0,
      "number": 2,
      "formula": "n != 1",
      "type": 1,
      "language": 118
    }
  },
  {
    "model": "lang.plural",
    "pk": 146,
    "fields": {
      "source": 0,
      "number": 2,
      "formula": "n != 1",
      "type": 1,
      "language": 171
    }
  },
  {
    "model": "lang.plural",
    "pk": 147,
    "fields": {
      "source": 0,
      "number": 1,
      "formula": "0",
      "type": 0,
      "language": 151
    }
  },
  {
    "model": "lang.plural",
    "pk": 148,
    "fields": {
      "source": 0,
      "number": 1,
      "formula": "0",
      "type": 0,
      "language": 152
    }
  },
  {
    "model": "lang.plural",
    "pk": 149,
    "fields": {
      "source": 0,
      "number": 2,
      "formula": "n != 1",
      "type": 1,
      "language": 263
    }
  },
  {
    "model": "lang.plural",
    "pk": 150,
    "fields": {
      "source": 0,
      "number": 2,
      "formula": "n != 1",
      "type": 1,
      "language": 259
    }
  },
  {
    "model": "lang.plural",
    "pk": 151,
    "fields": {
      "source": 0,
      "number": 2,
      "formula": "n != 1",
      "type": 1,
      "language": 210
    }
  },
  {
    "model": "lang.plural",
    "pk": 152,
    "fields": {
      "source": 0,
      "number": 1,
      "formula": "0",
      "type": 0,
      "language": 121
    }
  },
  {
    "model": "lang.plural",
    "pk": 153,
    "fields": {
      "source": 0,
      "number": 1,
      "formula": "0",
      "type": 0,
      "language": 336
    }
  },
  {
    "model": "lang.plural",
    "pk": 154,
    "fields": {
      "source": 0,
      "number": 2,
      "formula": "n != 1",
      "type": 1,
      "language": 129
    }
  },
  {
    "model": "lang.plural",
    "pk": 155,
    "fields": {
      "source": 0,
      "number": 2,
      "formula": "n != 1",
      "type": 1,
      "language": 289
    }
  },
  {
    "model": "lang.plural",
    "pk": 156,
    "fields": {
      "source": 0,
      "number": 2,
      "formula": "n != 1",
      "type": 1,
      "language": 261
    }
  },
  {
    "model": "lang.plural",
    "pk": 157,
    "fields": {
      "source": 0,
      "number": 2,
      "formula": "n != 1",
      "type": 1,
      "language": 131
    }
  },
  {
    "model": "lang.plural",
    "pk": 158,
    "fields": {
      "source": 0,
      "number": 1,
      "formula": "0",
      "type": 0,
      "language": 323
    }
  },
  {
    "model": "lang.plural",
    "pk": 159,
    "fields": {
      "source": 0,
      "number": 3,
      "formula": "(n == 0) ? 0 : ((n == 1) ? 1 : 2)",
      "type": 11,
      "language": 322
    }
  },
  {
    "model": "lang.plural",
    "pk": 160,
    "fields": {
      "source": 0,
      "number": 1,
      "formula": "0",
      "type": 0,
      "language": 19
    }
  },
  {
    "model": "lang.plural",
    "pk": 161,
    "fields": {
      "source": 0,
      "number": 2,
      "formula": "n != 1",
      "type": 1,
      "language": 199
    }
  },
  {
    "model": "lang.plural",
    "pk": 162,
    "fields": {
      "source": 0,
      "number": 3,
      "formula": "(n % 10 == 0 || n % 100 >= 11 && n % 100 <= 19) ? 0 : ((n % 10 == 1 && n % 100 != 11) ? 1 : 2)",
      "type": 11,
      "language": 24
    }
  },
  {
    "model": "lang.plural",
    "pk": 163,
    "fields": {
      "source": 0,
      "number": 2,
      "formula": "n != 1",
      "type": 1,
      "language": 133
    }
  },
  {
    "model": "lang.plural",
    "pk": 164,
    "fields": {
      "source": 0,
      "number": 2,
      "formula": "n > 1",
      "type": 1,
      "language": 18
    }
  },
  {
    "model": "lang.plural",
    "pk": 165,
    "fields": {
      "source": 0,
      "number": 3,
      "formula": "(n % 10 == 1 && (n % 100 < 11 || n % 100 > 19)) ? 0 : ((n % 10 >= 2 && n % 10 <= 9 && (n % 100 < 11 || n % 100 > 19)) ? 1 : 2)",
      "type": 2,
      "language": 25
    }
  },
  {
    "model": "lang.plural",
    "pk": 166,
    "fields": {
      "source": 0,
      "number": 1,
      "formula": "0",
      "type": 0,
      "language": 164
    }
  },
  {
    "model": "lang.plural",
    "pk": 167,
    "fields": {
      "source": 0,
      "number": 2,
      "formula": "n != 1",
      "type": 1,
      "language": 186
    }
  },
  {
    "model": "lang.plural",
    "pk": 168,
    "fields": {
      "source": 0,
      "number": 4,
      "formula": "(n % 100 == 1) ? 0 : ((n % 100 == 2) ? 1 : ((n % 100 == 3 || n % 100 == 4) ? 2 : 3))",
      "type": 6,
      "language": 296
    }
  },
  {
    "model": "lang.plural",
    "pk": 169,
    "fields": {
      "source": 0,
      "number": 2,
      "formula": "n != 1",
      "type": 1,
      "language": 265
    }
  },
  {
    "model": "lang.plural",
    "pk": 170,
    "fields": {
      "source": 0,
      "number": 3,
      "formula": "(n == 1) ? 0 : ((n == 2) ? 1 : 2)",
      "type": 4,
      "language": 339
    }
  },
  {
    "model": "lang.plural",
    "pk": 171,
    "fields": {
      "source": 0,
      "number": 2,
      "formula": "n != 1",
      "type": 1,
      "language": 16
    }
  },
  {
    "model": "lang.plural",
    "pk": 172,
    "fields": {
      "source": 0,
      "number": 2,
      "formula": "n==1 || n%10==1 ? 0 : 1",
      "type": 1,
      "language": 74
    }
  },
  {
    "model": "lang.plural",
    "pk": 173,
    "fields": {
      "source": 0,
      "number": 2,
      "formula": "n != 1",
      "type": 1,
      "language": 315
    }
  },
  {
    "model": "lang.plural",
    "pk": 174,
    "fields": {
      "source": 0,
      "number": 2,
      "formula": "n != 1",
      "type": 1,
      "language": 111
    }
  },
  {
    "model": "lang.plural",
    "pk": 175,
    "fields": {
      "source": 0,
      "number": 1,
      "formula": "0",
      "type": 0,
      "language": 318
    }
  },
  {
    "model": "lang.plural",
    "pk": 176,
    "fields": {
      "source": 0,
      "number": 2,
      "formula": "n > 1",
      "type": 1,
      "language": 47
    }
  },
  {
    "model": "lang.plural",
    "pk": 177,
    "fields": {
      "source": 0,
      "number": 1,
      "formula": "0",
      "type": 0,
      "language": 58
    }
  },
  {
    "model": "lang.plural",
    "pk": 178,
    "fields": {
      "source": 0,
      "number": 2,
      "formula": "n != 1",
      "type": 1,
      "language": 50
    }
  },
  {
    "model": "lang.plural",
    "pk": 179,
    "fields": {
      "source": 0,
      "number": 4,
      "formula": "n==1 ? 0 : n==0 || ( n%100>1 && n%100<11) ? 1 : (n%100>10 && n%100<20 ) ? 2 : 3",
      "type": 8,
      "language": 56
    }
  },
  {
    "model": "lang.plural",
    "pk": 180,
    "fields": {
      "source": 0,
      "number": 3,
      "formula": "n==0 ? 0 : n==1 ? 1 : 2",
      "type": 11,
      "language": 167
    }
  },
  {
    "model": "lang.plural",
    "pk": 181,
    "fields": {
      "source": 0,
      "number": 2,
      "formula": "n != 1",
      "type": 1,
      "language": 166
    }
  },
  {
    "model": "lang.plural",
    "pk": 182,
    "fields": {
      "source": 0,
      "number": 4,
      "formula": "(n % 10 == 1) ? 0 : ((n % 10 == 2) ? 1 : ((n % 100 == 0 || n % 100 == 20 || n % 100 == 40 || n % 100 == 60 || n % 100 == 80) ? 2 : 3))",
      "type": 6,
      "language": 251
    }
  },
  {
    "model": "lang.plural",
    "pk": 183,
    "fields": {
      "source": 0,
      "number": 2,
      "formula": "n > 1",
      "type": 1,
      "language": 52
    }
  },
  {
    "model": "lang.plural",
    "pk": 184,
    "fields": {
      "source": 0,
      "number": 2,
      "formula": "n > 1",
      "type": 1,
      "language": 80
    }
  },
  {
    "model": "lang.plural",
    "pk": 185,
    "fields": {
      "source": 0,
      "number": 2,
      "formula": "n > 1",
      "type": 1,
      "language": 59
    }
  },
  {
    "model": "lang.plural",
    "pk": 186,
    "fields": {
      "source": 0,
      "number": 2,
      "formula": "n != 1",
      "type": 1,
      "language": 295
    }
  },
  {
    "model": "lang.plural",
    "pk": 187,
    "fields": {
      "source": 0,
      "number": 2,
      "formula": "n != 1",
      "type": 1,
      "language": 266
    }
  },
  {
    "model": "lang.plural",
    "pk": 188,
    "fields": {
      "source": 0,
      "number": 2,
      "formula": "n != 1",
      "type": 1,
      "language": 324
    }
  },
  {
    "model": "lang.plural",
    "pk": 189,
    "fields": {
      "source": 0,
      "number": 2,
      "formula": "n != 1",
      "type": 1,
      "language": 298
    }
  },
  {
    "model": "lang.plural",
    "pk": 190,
    "fields": {
      "source": 0,
      "number": 2,
      "formula": "n != 1",
      "type": 1,
      "language": 325
    }
  },
  {
    "model": "lang.plural",
    "pk": 191,
    "fields": {
      "source": 0,
      "number": 3,
      "formula": "(n == 1) ? 0 : ((n == 0 || n != 1 && n % 100 >= 1 && n % 100 <= 19) ? 1 : 2)",
      "type": 2,
      "language": 330
    }
  },
  {
    "model": "lang.plural",
    "pk": 192,
    "fields": {
      "source": 0,
      "number": 2,
      "formula": "n != 1",
      "type": 1,
      "language": 267
    }
  },
  {
    "model": "lang.plural",
    "pk": 193,
    "fields": {
      "source": 0,
      "number": 2,
      "formula": "n != 1",
      "type": 1,
      "language": 51
    }
  },
  {
    "model": "lang.plural",
    "pk": 194,
    "fields": {
      "source": 0,
      "number": 3,
      "formula": "n%10==1 && n%100!=11 ? 0 : n%10>=2 && n%10<=4 && (n%100<10 || n%100>=20) ? 1 : 2",
      "type": 2,
      "language": 225
    }
  },
  {
    "model": "lang.plural",
    "pk": 195,
    "fields": {
      "source": 0,
      "number": 2,
      "formula": "n > 1",
      "type": 1,
      "language": 14
    }
  },
  {
    "model": "lang.plural",
    "pk": 196,
    "fields": {
      "source": 0,
      "number": 2,
      "formula": "n != 1",
      "type": 1,
      "language": 87
    }
  },
  {
    "model": "lang.plural",
    "pk": 197,
    "fields": {
      "source": 0,
      "number": 6,
      "formula": "(n == 0) ? 0 : ((n == 1) ? 1 : ((n == 2) ? 2 : ((n % 100 >= 3 && n % 100 <= 10) ? 3 : ((n % 100 >= 11 && n % 100 <= 99) ? 4 : 5))))",
      "type": 12,
      "language": 307
    }
  },
  {
    "model": "lang.plural",
    "pk": 198,
    "fields": {
      "source": 0,
      "number": 3,
      "formula": "(n == 1) ? 0 : ((n == 2) ? 1 : 2)",
      "type": 4,
      "language": 326
    }
  },
  {
    "model": "lang.plural",
    "pk": 199,
    "fields": {
      "source": 0,
      "number": 2,
      "formula": "n != 1",
      "type": 1,
      "language": 268
    }
  },
  {
    "model": "lang.plural",
    "pk": 200,
    "fields": {
      "source": 0,
      "number": 2,
      "formula": "n != 1",
      "type": 1,
      "language": 272
    }
  },
  {
    "model": "lang.plural",
    "pk": 201,
    "fields": {
      "source": 0,
      "number": 2,
      "formula": "n != 1",
      "type": 1,
      "language": 270
    }
  },
  {
    "model": "lang.plural",
    "pk": 202,
    "fields": {
      "source": 0,
      "number": 2,
      "formula": "n != 1",
      "type": 1,
      "language": 91
    }
  },
  {
    "model": "lang.plural",
    "pk": 203,
    "fields": {
      "source": 0,
      "number": 2,
      "formula": "n != 1",
      "type": 1,
      "language": 88
    }
  },
  {
    "model": "lang.plural",
    "pk": 204,
    "fields": {
      "source": 0,
      "number": 2,
      "formula": "n != 1",
      "type": 1,
      "language": 327
    }
  },
  {
    "model": "lang.plural",
    "pk": 205,
    "fields": {
      "source": 0,
      "number": 2,
      "formula": "n != 1",
      "type": 1,
      "language": 314
    }
  },
  {
    "model": "lang.plural",
    "pk": 206,
    "fields": {
      "source": 0,
      "number": 2,
      "formula": "n != 1",
      "type": 1,
      "language": 269
    }
  },
  {
    "model": "lang.plural",
    "pk": 207,
    "fields": {
      "source": 0,
      "number": 3,
      "formula": "(n == 1) ? 0 : ((n == 2) ? 1 : 2)",
      "type": 4,
      "language": 169
    }
  },
  {
    "model": "lang.plural",
    "pk": 208,
    "fields": {
      "source": 0,
      "number": 2,
      "formula": "n != 1",
      "type": 1,
      "language": 170
    }
  },
  {
    "model": "lang.plural",
    "pk": 209,
    "fields": {
      "source": 0,
      "number": 2,
      "formula": "n != 1",
      "type": 1,
      "language": 232
    }
  },
  {
    "model": "lang.plural",
    "pk": 210,
    "fields": {
      "source": 0,
      "number": 2,
      "formula": "n != 1",
      "type": 1,
      "language": 132
    }
  },
  {
    "model": "lang.plural",
    "pk": 211,
    "fields": {
      "source": 0,
      "number": 2,
      "formula": "n != 1",
      "type": 1,
      "language": 146
    }
  },
  {
    "model": "lang.plural",
    "pk": 212,
    "fields": {
      "source": 0,
      "number": 2,
      "formula": "n != 1",
      "type": 1,
      "language": 86
    }
  },
  {
    "model": "lang.plural",
    "pk": 213,
    "fields": {
      "source": 0,
      "number": 1,
      "formula": "0",
      "type": 0,
      "language": 255
    }
  },
  {
    "model": "lang.plural",
    "pk": 214,
    "fields": {
      "source": 0,
      "number": 2,
      "formula": "n != 1",
      "type": 1,
      "language": 193
    }
  },
  {
    "model": "lang.plural",
    "pk": 215,
    "fields": {
      "source": 0,
      "number": 2,
      "formula": "n != 1",
      "type": 1,
      "language": 328
    }
  },
  {
    "model": "lang.plural",
    "pk": 216,
    "fields": {
      "source": 0,
      "number": 1,
      "formula": "0",
      "type": 0,
      "language": 4
    }
  },
  {
    "model": "lang.plural",
    "pk": 217,
    "fields": {
      "source": 0,
      "number": 2,
      "formula": "n != 1",
      "type": 1,
      "language": 254
    }
  },
  {
    "model": "lang.plural",
    "pk": 218,
    "fields": {
      "source": 0,
      "number": 2,
      "formula": "n > 1",
      "type": 1,
      "language": 67
    }
  },
  {
    "model": "lang.plural",
    "pk": 219,
    "fields": {
      "source": 0,
      "number": 2,
      "formula": "n != 1",
      "type": 1,
      "language": 124
    }
  },
  {
    "model": "lang.plural",
    "pk": 220,
    "fields": {
      "source": 0,
      "number": 2,
      "formula": "n != 1",
      "type": 1,
      "language": 189
    }
  },
  {
    "model": "lang.plural",
    "pk": 221,
    "fields": {
      "source": 0,
      "number": 2,
      "formula": "n != 1",
      "type": 1,
      "language": 246
    }
  },
  {
    "model": "lang.plural",
    "pk": 222,
    "fields": {
      "source": 0,
      "number": 2,
      "formula": "n != 1",
      "type": 1,
      "language": 273
    }
  },
  {
    "model": "lang.plural",
    "pk": 223,
    "fields": {
      "source": 0,
      "number": 2,
      "formula": "n != 1",
      "type": 1,
      "language": 174
    }
  },
  {
    "model": "lang.plural",
    "pk": 224,
    "fields": {
      "source": 0,
      "number": 2,
      "formula": "n != 1",
      "type": 1,
      "language": 274
    }
  },
  {
    "model": "lang.plural",
    "pk": 225,
    "fields": {
      "source": 0,
      "number": 2,
      "formula": "n != 1",
      "type": 1,
      "language": 82
    }
  },
  {
    "model": "lang.plural",
    "pk": 226,
    "fields": {
      "source": 0,
      "number": 2,
      "formula": "n != 1",
      "type": 1,
      "language": 15
    }
  },
  {
    "model": "lang.plural",
    "pk": 227,
    "fields": {
      "source": 0,
      "number": 2,
      "formula": "n > 1",
      "type": 1,
      "language": 5
    }
  },
  {
    "model": "lang.plural",
    "pk": 228,
    "fields": {
      "source": 0,
      "number": 2,
      "formula": "n > 1",
      "type": 1,
      "language": 108
    }
  },
  {
    "model": "lang.plural",
    "pk": 229,
    "fields": {
      "source": 0,
      "number": 2,
      "formula": "n != 1",
      "type": 1,
      "language": 21
    }
  },
  {
    "model": "lang.plural",
    "pk": 230,
    "fields": {
      "source": 0,
      "number": 2,
      "formula": "n != 1",
      "type": 1,
      "language": 216
    }
  },
  {
    "model": "lang.plural",
    "pk": 231,
    "fields": {
      "source": 0,
      "number": 3,
      "formula": "n==1 ? 0 : n%10>=2 && n%10<=4 && (n%100<10 || n%100>=20) ? 1 : 2",
      "type": 2,
      "language": 127
    }
  },
  {
    "model": "lang.plural",
    "pk": 232,
    "fields": {
      "source": 0,
      "number": 2,
      "formula": "n > 1",
      "type": 1,
      "language": 17
    }
  },
  {
    "model": "lang.plural",
    "pk": 233,
    "fields": {
      "source": 0,
      "number": 2,
      "formula": "n > 1",
      "type": 1,
      "language": 37
    }
  },
  {
    "model": "lang.plural",
    "pk": 234,
    "fields": {
      "source": 0,
      "number": 2,
      "formula": "n != 1",
      "type": 1,
      "language": 147
    }
  },
  {
    "model": "lang.plural",
    "pk": 235,
    "fields": {
      "source": 0,
      "number": 3,
      "formula": "(n % 10 == 0 || n % 100 >= 11 && n % 100 <= 19) ? 0 : ((n % 10 == 1 && n % 100 != 11) ? 1 : 2)",
      "type": 11,
      "language": 329
    }
  },
  {
    "model": "lang.plural",
    "pk": 236,
    "fields": {
      "source": 0,
      "number": 2,
      "formula": "n > 1",
      "type": 1,
      "language": 26
    }
  },
  {
    "model": "lang.plural",
    "pk": 237,
    "fields": {
      "source": 0,
      "number": 2,
      "formula": "n != 1",
      "type": 1,
      "language": 275
    }
  },
  {
    "model": "lang.plural",
    "pk": 238,
    "fields": {
      "source": 0,
      "number": 3,
      "formula": "n==1 ? 0 : (n==0 || (n%100 > 0 && n%100 < 20)) ? 1 : 2",
      "type": 2,
      "language": 95
    }
  },
  {
    "model": "lang.plural",
    "pk": 239,
    "fields": {
      "source": 0,
      "number": 2,
      "formula": "n != 1",
      "type": 1,
      "language": 93
    }
  },
  {
    "model": "lang.plural",
    "pk": 240,
    "fields": {
      "source": 0,
      "number": 2,
      "formula": "n != 1",
      "type": 1,
      "language": 331
    }
  },
  {
    "model": "lang.plural",
    "pk": 241,
    "fields": {
      "source": 0,
      "number": 2,
      "formula": "n != 1",
      "type": 1,
      "language": 276
    }
  },
  {
    "model": "lang.plural",
    "pk": 242,
    "fields": {
      "source": 0,
      "number": 3,
      "formula": "n%10==1 && n%100!=11 ? 0 : n%10>=2 && n%10<=4 && (n%100<10 || n%100>=20) ? 1 : 2",
      "type": 2,
      "language": 83
    }
  },
  {
    "model": "lang.plural",
    "pk": 243,
    "fields": {
      "source": 0,
      "number": 2,
      "formula": "n != 1",
      "type": 1,
      "language": 277
    }
  },
  {
    "model": "lang.plural",
    "pk": 244,
    "fields": {
      "source": 0,
      "number": 2,
      "formula": "n != 1",
      "type": 1,
      "language": 332
    }
  },
  {
    "model": "lang.plural",
    "pk": 245,
    "fields": {
      "source": 0,
      "number": 2,
      "formula": "n != 1",
      "type": 1,
      "language": 342
    }
  },
  {
    "model": "lang.plural",
    "pk": 246,
    "fields": {
      "source": 0,
      "number": 2,
      "formula": "n != 1",
      "type": 1,
      "language": 333
    }
  },
  {
    "model": "lang.plural",
    "pk": 247,
    "fields": {
      "source": 0,
      "number": 3,
      "formula": "(n == 1) ? 0 : ((n == 2) ? 1 : 2)",
      "type": 4,
      "language": 338
    }
  },
  {
    "model": "lang.plural",
    "pk": 248,
    "fields": {
      "source": 0,
      "number": 2,
      "formula": "n != 1",
      "type": 1,
      "language": 279
    }
  },
  {
    "model": "lang.plural",
    "pk": 249,
    "fields": {
      "source": 0,
      "number": 1,
      "formula": "0",
      "type": 0,
      "language": 278
    }
  },
  {
    "model": "lang.plural",
    "pk": 250,
    "fields": {
      "source": 0,
      "number": 3,
      "formula": "n==1 ? 0 : n==2 ? 1 : 2",
      "type": 4,
      "language": 211
    }
  },
  {
    "model": "lang.plural",
    "pk": 251,
    "fields": {
      "source": 0,
      "number": 2,
      "formula": "n != 1",
      "type": 1,
      "language": 172
    }
  },
  {
    "model": "lang.plural",
    "pk": 252,
    "fields": {
      "source": 0,
      "number": 2,
      "formula": "n != 1",
      "type": 1,
      "language": 154
    }
  },
  {
    "model": "lang.plural",
    "pk": 253,
    "fields": {
      "source": 0,
      "number": 2,
      "formula": "n != 1",
      "type": 1,
      "language": 7
    }
  },
  {
    "model": "lang.plural",
    "pk": 254,
    "fields": {
      "source": 0,
      "number": 2,
      "formula": "n != 1",
      "type": 1,
      "language": 335
    }
  },
  {
    "model": "lang.plural",
    "pk": 255,
    "fields": {
      "source": 0,
      "number": 3,
      "formula": "n%10==1 && n%100!=11 ? 0 : n%10>=2 && n%10<=4 && (n%100<10 || n%100>=20) ? 1 : 2",
      "type": 2,
      "language": 119
    }
  },
  {
    "model": "lang.plural",
    "pk": 256,
    "fields": {
      "source": 0,
      "number": 3,
      "formula": "n%10==1 && n%100!=11 ? 0 : n%10>=2 && n%10<=4 && (n%100<10 || n%100>=20) ? 1 : 2",
      "type": 2,
      "language": 140
    }
  },
  {
    "model": "lang.plural",
    "pk": 257,
    "fields": {
      "source": 0,
      "number": 3,
      "formula": "n%10==1 && n%100!=11 ? 0 : n%10>=2 && n%10<=4 && (n%100<10 || n%100>=20) ? 1 : 2",
      "type": 2,
      "language": 141
    }
  },
  {
    "model": "lang.plural",
    "pk": 258,
    "fields": {
      "source": 0,
      "number": 3,
      "formula": "n%10==1 && n%100!=11 ? 0 : n%10>=2 && n%10<=4 && (n%100<10 || n%100>=20) ? 1 : 2",
      "type": 2,
      "language": 195
    }
  },
  {
    "model": "lang.plural",
    "pk": 259,
    "fields": {
      "source": 0,
      "number": 3,
      "formula": "n%10==1 && n%100!=11 ? 0 : n%10>=2 && n%10<=4 && (n%100<10 || n%100>=20) ? 1 : 2",
      "type": 2,
      "language": 138
    }
  },
  {
    "model": "lang.plural",
    "pk": 260,
    "fields": {
      "source": 0,
      "number": 3,
      "formula": "n%10==1 && n%100!=11 ? 0 : n%10>=2 && n%10<=4 && (n%100<10 || n%100>=20) ? 1 : 2",
      "type": 2,
      "language": 139
    }
  },
  {
    "model": "lang.plural",
    "pk": 261,
    "fields": {
      "source": 0,
      "number": 3,
      "formula": "n%10==1 && n%100!=11 ? 0 : n%10>=2 && n%10<=4 && (n%100<10 || n%100>=20) ? 1 : 2",
      "type": 2,
      "language": 194
    }
  },
  {
    "model": "lang.plural",
    "pk": 262,
    "fields": {
      "source": 0,
      "number": 3,
      "formula": "n%10==1 && n%100!=11 ? 0 : n%10>=2 && n%10<=4 && (n%100<10 || n%100>=20) ? 1 : 2",
      "type": 2,
      "language": 179
    }
  },
  {
    "model": "lang.plural",
    "pk": 263,
    "fields": {
      "source": 0,
      "number": 2,
      "formula": "n != 1",
      "type": 1,
      "language": 321
    }
  },
  {
    "model": "lang.plural",
    "pk": 264,
    "fields": {
      "source": 0,
      "number": 2,
      "formula": "n != 1",
      "type": 1,
      "language": 293
    }
  },
  {
    "model": "lang.plural",
    "pk": 265,
    "fields": {
      "source": 0,
      "number": 2,
      "formula": "n != 1",
      "type": 1,
      "language": 223
    }
  },
  {
    "model": "lang.plural",
    "pk": 266,
    "fields": {
      "source": 0,
      "number": 3,
      "formula": "n==1 ? 0 : n%10>=2 && n%10<=4 && (n%100<10 || n%100>=20) ? 1 : 2",
      "type": 2,
      "language": 222
    }
  },
  {
    "model": "lang.plural",
    "pk": 267,
    "fields": {
      "source": 0,
      "number": 2,
      "formula": "n != 1",
      "type": 1,
      "language": 173
    }
  },
  {
    "model": "lang.plural",
    "pk": 268,
    "fields": {
      "source": 0,
      "number": 2,
      "formula": "n > 1",
      "type": 1,
      "language": 126
    }
  },
  {
    "model": "lang.plural",
    "pk": 269,
    "fields": {
      "source": 0,
      "number": 3,
      "formula": "(n == 1) ? 0 : ((n == 2) ? 1 : 2)",
      "type": 4,
      "language": 341
    }
  },
  {
    "model": "lang.plural",
    "pk": 270,
    "fields": {
      "source": 0,
      "number": 3,
      "formula": "(n==1) ? 0 : (n>=2 && n<=4) ? 1 : 2",
      "type": 2,
      "language": 125
    }
  },
  {
    "model": "lang.plural",
    "pk": 271,
    "fields": {
      "source": 0,
      "number": 4,
      "formula": "n%100==1 ? 0 : n%100==2 ? 1 : n%100==3 || n%100==4 ? 2 : 3",
      "type": 6,
      "language": 130
    }
  },
  {
    "model": "lang.plural",
    "pk": 272,
    "fields": {
      "source": 0,
      "number": 2,
      "formula": "n != 1",
      "type": 1,
      "language": 348
    }
  },
  {
    "model": "lang.plural",
    "pk": 273,
    "fields": {
      "source": 0,
      "number": 2,
      "formula": "n != 1",
      "type": 1,
      "language": 117
    }
  },
  {
    "model": "lang.plural",
    "pk": 274,
    "fields": {
      "source": 0,
      "number": 1,
      "formula": "0",
      "type": 0,
      "language": 1
    }
  },
  {
    "model": "lang.plural",
    "pk": 275,
    "fields": {
      "source": 0,
      "number": 2,
      "formula": "n != 1",
      "type": 1,
      "language": 148
    }
  },
  {
    "model": "lang.plural",
    "pk": 276,
    "fields": {
      "source": 0,
      "number": 3,
      "formula": "n%10==1 && n%100!=11 ? 0 : n%10>=2 && n%10<=4 && (n%100<10 || n%100>=20) ? 1 : 2",
      "type": 2,
      "language": 297
    }
  },
  {
    "model": "lang.plural",
    "pk": 277,
    "fields": {
      "source": 0,
      "number": 2,
      "formula": "n != 1",
      "type": 1,
      "language": 271
    }
  },
  {
    "model": "lang.plural",
    "pk": 278,
    "fields": {
      "source": 0,
      "number": 2,
      "formula": "n != 1",
      "type": 1,
      "language": 334
    }
  },
  {
    "model": "lang.plural",
    "pk": 279,
    "fields": {
      "source": 0,
      "number": 3,
      "formula": "(n == 1) ? 0 : ((n == 2) ? 1 : 2)",
      "type": 4,
      "language": 280
    }
  },
  {
    "model": "lang.plural",
    "pk": 280,
    "fields": {
      "source": 0,
      "number": 2,
      "formula": "n != 1",
      "type": 1,
      "language": 44
    }
  },
  {
    "model": "lang.plural",
    "pk": 281,
    "fields": {
      "source": 0,
      "number": 2,
      "formula": "n != 1",
      "type": 1,
      "language": 92
    }
  },
  {
    "model": "lang.plural",
    "pk": 282,
    "fields": {
      "source": 0,
      "number": 2,
      "formula": "n != 1",
      "type": 1,
      "language": 219
    }
  },
  {
    "model": "lang.plural",
    "pk": 283,
    "fields": {
      "source": 0,
      "number": 2,
      "formula": "n != 1",
      "type": 1,
      "language": 221
    }
  },
  {
    "model": "lang.plural",
    "pk": 284,
    "fields": {
      "source": 0,
      "number": 2,
      "formula": "n != 1",
      "type": 1,
      "language": 228
    }
  },
  {
    "model": "lang.plural",
    "pk": 285,
    "fields": {
      "source": 0,
      "number": 2,
      "formula": "n != 1",
      "type": 1,
      "language": 198
    }
  },
  {
    "model": "lang.plural",
    "pk": 286,
    "fields": {
      "source": 0,
      "number": 2,
      "formula": "n != 1",
      "type": 1,
      "language": 162
    }
  },
  {
    "model": "lang.plural",
    "pk": 287,
    "fields": {
      "source": 0,
      "number": 2,
      "formula": "n != 1",
      "type": 1,
      "language": 220
    }
  },
  {
    "model": "lang.plural",
    "pk": 288,
    "fields": {
      "source": 0,
      "number": 2,
      "formula": "n != 1",
      "type": 1,
      "language": 305
    }
  },
  {
    "model": "lang.plural",
    "pk": 289,
    "fields": {
      "source": 0,
      "number": 2,
      "formula": "n != 1",
      "type": 1,
      "language": 196
    }
  },
  {
    "model": "lang.plural",
    "pk": 290,
    "fields": {
      "source": 0,
      "number": 2,
      "formula": "n != 1",
      "type": 1,
      "language": 197
    }
  },
  {
    "model": "lang.plural",
    "pk": 291,
    "fields": {
      "source": 0,
      "number": 1,
      "formula": "0",
      "type": 0,
      "language": 31
    }
  },
  {
    "model": "lang.plural",
    "pk": 292,
    "fields": {
      "source": 0,
      "number": 2,
      "formula": "n != 1",
      "type": 1,
      "language": 27
    }
  },
  {
    "model": "lang.plural",
    "pk": 293,
    "fields": {
      "source": 0,
      "number": 2,
      "formula": "n != 1",
      "type": 1,
      "language": 281
    }
  },
  {
    "model": "lang.plural",
    "pk": 294,
    "fields": {
      "source": 0,
      "number": 2,
      "formula": "n != 1",
      "type": 1,
      "language": 101
    }
  },
  {
    "model": "lang.plural",
    "pk": 295,
    "fields": {
      "source": 0,
      "number": 2,
      "formula": "n != 1",
      "type": 1,
      "language": 312
    }
  },
  {
    "model": "lang.plural",
    "pk": 296,
    "fields": {
      "source": 0,
      "number": 2,
      "formula": "n != 1",
      "type": 1,
      "language": 185
    }
  },
  {
    "model": "lang.plural",
    "pk": 297,
    "fields": {
      "source": 0,
      "number": 2,
      "formula": "n != 1",
      "type": 1,
      "language": 344
    }
  },
  {
    "model": "lang.plural",
    "pk": 298,
    "fields": {
      "source": 0,
      "number": 3,
      "formula": "(n == 0 || n == 1) ? 0 : ((n >= 2 && n <= 10) ? 1 : 2)",
      "type": 2,
      "language": 337
    }
  },
  {
    "model": "lang.plural",
    "pk": 299,
    "fields": {
      "source": 0,
      "number": 2,
      "formula": "n != 1 && n != 2 && n != 3 && (n % 10 == 4 || n % 10 == 6 || n % 10 == 9)",
      "type": 1,
      "language": 134
    }
  },
  {
    "model": "lang.plural",
    "pk": 300,
    "fields": {
      "source": 0,
      "number": 2,
      "formula": "n != 1",
      "type": 1,
      "language": 285
    }
  },
  {
    "model": "lang.plural",
    "pk": 301,
    "fields": {
      "source": 0,
      "number": 1,
      "formula": "0",
      "type": 0,
      "language": 28
    }
  },
  {
    "model": "lang.plural",
    "pk": 302,
    "fields": {
      "source": 0,
      "number": 2,
      "formula": "n != 1",
      "type": 1,
      "language": 35
    }
  },
  {
    "model": "lang.plural",
    "pk": 303,
    "fields": {
      "source": 0,
      "number": 1,
      "formula": "0",
      "type": 0,
      "language": 20
    }
  },
  {
    "model": "lang.plural",
    "pk": 304,
    "fields": {
      "source": 0,
      "number": 2,
      "formula": "n != 1",
      "type": 1,
      "language": 32
    }
  },
  {
    "model": "lang.plural",
    "pk": 305,
    "fields": {
      "source": 0,
      "number": 2,
      "formula": "n != 1",
      "type": 1,
      "language": 345
    }
  },
  {
    "model": "lang.plural",
    "pk": 306,
    "fields": {
      "source": 0,
      "number": 1,
      "formula": "0",
      "type": 0,
      "language": 29
    }
  },
  {
    "model": "lang.plural",
    "pk": 307,
    "fields": {
      "source": 0,
      "number": 1,
      "formula": "0",
      "type": 0,
      "language": 107
    }
  },
  {
    "model": "lang.plural",
    "pk": 308,
    "fields": {
      "source": 0,
      "number": 2,
      "formula": "n != 1",
      "type": 1,
      "language": 300
    }
  },
  {
    "model": "lang.plural",
    "pk": 309,
    "fields": {
      "source": 0,
      "number": 2,
      "formula": "n > 1",
      "type": 1,
      "language": 30
    }
  },
  {
    "model": "lang.plural",
    "pk": 310,
    "fields": {
      "source": 0,
      "number": 1,
      "formula": "0",
      "type": 0,
      "language": 283
    }
  },
  {
    "model": "lang.plural",
    "pk": 311,
    "fields": {
      "source": 0,
      "number": 2,
      "formula": "n != 1",
      "type": 1,
      "language": 175
    }
  },
  {
    "model": "lang.plural",
    "pk": 312,
    "fields": {
      "source": 0,
      "number": 2,
      "formula": "n != 1",
      "type": 1,
      "language": 282
    }
  },
  {
    "model": "lang.plural",
    "pk": 313,
    "fields": {
      "source": 0,
      "number": 2,
      "formula": "n != 1",
      "type": 1,
      "language": 22
    }
  },
  {
    "model": "lang.plural",
    "pk": 314,
    "fields": {
      "source": 0,
      "number": 2,
      "formula": "n != 1",
      "type": 1,
      "language": 64
    }
  },
  {
    "model": "lang.plural",
    "pk": 315,
    "fields": {
      "source": 0,
      "number": 2,
      "formula": "n != 1",
      "type": 1,
      "language": 284
    }
  },
  {
    "model": "lang.plural",
    "pk": 316,
    "fields": {
      "source": 0,
      "number": 2,
      "formula": "n != 1",
      "type": 1,
      "language": 317
    }
  },
  {
    "model": "lang.plural",
    "pk": 317,
    "fields": {
      "source": 0,
      "number": 3,
      "formula": "n%10==1 && n%100!=11 ? 0 : n%10>=2 && n%10<=4 && (n%100<10 || n%100>=20) ? 1 : 2",
      "type": 2,
      "language": 23
    }
  },
  {
    "model": "lang.plural",
    "pk": 318,
    "fields": {
      "source": 0,
      "number": 4,
      "formula": "(n % 100 == 1) ? 0 : ((n % 100 == 2) ? 1 : ((n % 100 == 3 || n % 100 == 4) ? 2 : 3))",
      "type": 6,
      "language": 217
    }
  },
  {
    "model": "lang.plural",
    "pk": 319,
    "fields": {
      "source": 0,
      "number": 2,
      "formula": "n != 1",
      "type": 1,
      "language": 135
    }
  },
  {
    "model": "lang.plural",
    "pk": 320,
    "fields": {
      "source": 0,
      "number": 2,
      "formula": "n != 1",
      "type": 1,
      "language": 202
    }
  },
  {
    "model": "lang.plural",
    "pk": 321,
    "fields": {
      "source": 0,
      "number": 2,
      "formula": "n != 1",
      "type": 1,
      "language": 60
    }
  },
  {
    "model": "lang.plural",
    "pk": 322,
    "fields": {
      "source": 0,
      "number": 2,
      "formula": "n != 1",
      "type": 1,
      "language": 137
    }
  },
  {
    "model": "lang.plural",
    "pk": 323,
    "fields": {
      "source": 0,
      "number": 1,
      "formula": "0",
      "type": 0,
      "language": 136
    }
  },
  {
    "model": "lang.plural",
    "pk": 324,
    "fields": {
      "source": 0,
      "number": 2,
      "formula": "n != 1",
      "type": 1,
      "language": 203
    }
  },
  {
    "model": "lang.plural",
    "pk": 325,
    "fields": {
      "source": 0,
      "number": 2,
      "formula": "n != 1",
      "type": 1,
      "language": 9
    }
  },
  {
    "model": "lang.plural",
    "pk": 326,
    "fields": {
      "source": 0,
      "number": 2,
      "formula": "n != 1",
      "type": 1,
      "language": 66
    }
  },
  {
    "model": "lang.plural",
    "pk": 327,
    "fields": {
      "source": 0,
      "number": 2,
      "formula": "n != 1",
      "type": 1,
      "language": 188
    }
  },
  {
    "model": "lang.plural",
    "pk": 328,
    "fields": {
      "source": 0,
      "number": 1,
      "formula": "0",
      "type": 0,
      "language": 104
    }
  },
  {
    "model": "lang.plural",
    "pk": 329,
    "fields": {
      "source": 0,
      "number": 2,
      "formula": "n != 1",
      "type": 1,
      "language": 286
    }
  },
  {
    "model": "lang.plural",
    "pk": 330,
    "fields": {
      "source": 0,
      "number": 2,
      "formula": "n != 1",
      "type": 1,
      "language": 347
    }
  },
  {
    "model": "lang.plural",
    "pk": 331,
    "fields": {
      "source": 0,
      "number": 2,
      "formula": "n > 1",
      "type": 1,
      "language": 102
    }
  },
  {
    "model": "lang.plural",
    "pk": 332,
    "fields": {
      "source": 0,
      "number": 2,
      "formula": "n != 1",
      "type": 1,
      "language": 294
    }
  },
  {
    "model": "lang.plural",
    "pk": 333,
    "fields": {
      "source": 0,
      "number": 6,
      "formula": "(n==0) ? 0 : (n==1) ? 1 : (n==2) ? 2 : (n==3) ? 3 :(n==6) ? 4 : 5",
      "type": 12,
      "language": 53
    }
  },
  {
    "model": "lang.plural",
    "pk": 334,
    "fields": {
      "source": 0,
      "number": 2,
      "formula": "n != 1",
      "type": 1,
      "language": 149
    }
  },
  {
    "model": "lang.plural",
    "pk": 335,
    "fields": {
      "source": 0,
      "number": 2,
      "formula": "n != 1",
      "type": 1,
      "language": 304
    }
  },
  {
    "model": "lang.plural",
    "pk": 336,
    "fields": {
      "source": 0,
      "number": 1,
      "formula": "0",
      "type": 0,
      "language": 90
    }
  },
  {
    "model": "lang.plural",
    "pk": 337,
    "fields": {
      "source": 0,
      "number": 2,
      "formula": "n != 1",
      "type": 1,
      "language": 287
    }
  },
  {
    "model": "lang.plural",
    "pk": 338,
    "fields": {
      "source": 0,
      "number": 1,
      "formula": "0",
      "type": 0,
      "language": 96
    }
  },
  {
    "model": "lang.plural",
    "pk": 339,
    "fields": {
      "source": 0,
      "number": 2,
      "formula": "n != 1",
      "type": 1,
      "language": 183
    }
  },
  {
    "model": "lang.plural",
    "pk": 340,
    "fields": {
      "source": 0,
      "number": 1,
      "formula": "0",
      "type": 0,
      "language": 85
    }
  },
  {
    "model": "lang.plural",
    "pk": 341,
    "fields": {
      "source": 0,
      "number": 1,
      "formula": "0",
      "type": 0,
      "language": 214
    }
  },
  {
    "model": "lang.plural",
    "pk": 342,
    "fields": {
      "source": 0,
      "number": 2,
      "formula": "n != 1",
      "type": 1,
      "language": 288
    }
  },
  {
    "model": "lang.plural",
    "pk": 343,
    "fields": {
      "source": 0,
      "number": 2,
      "formula": "n > 1",
      "type": 1,
      "language": 75
    }
  },
  {
    "model": "lang.plural",
    "pk": 344,
    "fields": {
      "source": 1,
      "number": 2,
      "formula": "n > 1",
      "type": 1,
      "language": 109
    }
  },
  {
    "model": "lang.plural",
    "pk": 345,
    "fields": {
      "source": 1,
      "number": 1,
      "formula": "0",
      "type": 0,
      "language": 160
    }
  },
  {
    "model": "lang.plural",
    "pk": 346,
    "fields": {
      "source": 1,
      "number": 2,
      "formula": "(n==2) ? 1 : 0",
      "type": 9,
      "language": 53
    }
  },
  {
    "model": "lang.plural",
    "pk": 347,
    "fields": {
      "source": 1,
      "number": 4,
      "formula": "(n==1) ? 0 : (n==2) ? 1 : (n != 8 && n != 11) ? 2 : 3",
      "type": 6,
      "language": 53
    }
  },
  {
    "model": "lang.plural",
    "pk": 348,
    "fields": {
      "source": 1,
      "number": 3,
      "formula": "n%10==1 && n%100!=11 ? 0 : n%10>=2 && n%10<=4 && (n%100<10 || n%100>=20) ? 1 : 2",
      "type": 2,
      "language": 296
    }
  },
  {
    "model": "lang.plural",
    "pk": 349,
    "fields": {
      "source": 1,
      "number": 2,
      "formula": "(n > 1)",
      "type": 1,
      "language": 57
    }
  },
  {
    "model": "lang.plural",
    "pk": 350,
    "fields": {
      "source": 1,
      "number": 3,
      "formula": "n==1 ? 0 : n==2 ? 1 : 2",
      "type": 4,
      "language": 11
    }
  },
  {
    "model": "lang.plural",
    "pk": 351,
    "fields": {
      "source": 1,
      "number": 2,
      "formula": "(n != 1)",
      "type": 1,
      "language": 46
    }
  },
  {
    "model": "lang.plural",
    "pk": 352,
    "fields": {
      "source": 1,
      "number": 3,
      "formula": "n%10==1 && n%100!=11 ? 0 : n%10>=2 && n%10<=4 && (n%100<10 || n%100>=20) ? 1 : 2",
      "type": 2,
      "language": 217
    }
  },
  {
    "model": "lang.plural",
    "pk": 353,
    "fields": {
      "source": 1,
      "number": 2,
      "formula": "(n != 1)",
      "type": 1,
      "language": 97
    }
  },
  {
    "model": "lang.plural",
    "pk": 354,
    "fields": {
      "source": 1,
      "number": 1,
      "formula": "0",
      "type": 0,
      "language": 116
    }
  },
  {
    "model": "lang.plural",
    "pk": 355,
    "fields": {
      "source": 1,
      "number": 4,
      "formula": "(n==1) ? 0 : (n==2) ? 1 : (n == 3) ? 2 : 3",
      "type": 5,
      "language": 128
    }
  },
  {
    "model": "lang.plural",
    "pk": 356,
    "fields": {
      "source": 1,
      "number": 4,
      "formula": "n==1 ? 0 : n%10>=2 && (n%100<10 || n%100>=20) ? 1 : n%10==0 || (n%100>10 && n%100<20) ? 2 : 3",
      "type": 8,
      "language": 25
    }
  },
  {
    "model": "lang.plural",
    "pk": 357,
    "fields": {
      "source": 1,
      "number": 3,
      "formula": "(n%10==1 && n%100!=11 ? 0 : n%10>=2 && (n%100<10 || n%100>=20) ? 1 : 2)",
      "type": 2,
      "language": 25
    }
  },
  {
    "model": "lang.plural",
    "pk": 358,
    "fields": {
      "source": 1,
      "number": 3,
      "formula": "n%10==1 && n%100!=11 ? 0 : n != 0 ? 1 : 2",
      "type": 7,
      "language": 24
    }
  },
  {
    "model": "lang.plural",
    "pk": 359,
    "fields": {
      "source": 1,
      "number": 3,
      "formula": "(n%10==1 && n%100!=11 ? 0 : (n%10>=2 && (n%100<10 || n%100>=20) ? 1 : 2)",
      "type": 666,
      "language": 24
    }
  },
  {
    "model": "lang.plural",
    "pk": 360,
    "fields": {
      "source": 1,
      "number": 2,
      "formula": "(n != 1)",
      "type": 1,
      "language": 169
    }
  },
  {
    "model": "lang.plural",
    "pk": 361,
    "fields": {
      "source": 1,
      "number": 4,
      "formula": "(n%100==1 ? 1 : n%100==2 ? 2 : n%100==3 || n%100==4 ? 3 : 0)",
      "type": 13,
      "language": 130
    }
  },
  {
    "model": "lang.plural",
    "pk": 362,
    "fields": {
      "source": 1,
      "number": 3,
      "formula": "(n%10==1 && n%100!=11 ? 0 : n%10>=2 && (n%100<10 || n%100>=20) ? 1 : 2)",
      "type": 2,
      "language": 24
    }
  }
]
